naics,naics_title,short_title,short_label,full_label,match_level,year,cap,plant,equip,invest,cap_labor_ratio,emp,prode,non_prod_workers,pay,prodh,prodw,matcost,robots_adopted,robotics_productivity_gain,robotics_cost_savings,jobs_displaced,training_hours,manuf_export_share,gdp_per_capita,inflation,real_gdp,labor_productivity,revenue_per_worker
311111,Dog and Cat Food Manufacturing,Dog & Cat Food Mfg,311111 | Dog & Cat Food Mfg,311111 - Dog and Cat Food Manufacturing,exact,2015,5649.8,1400.9,4248.9,584.0,342.41212121212124,16.5,12.5,4.0,1008.6,29.7,740.0,12361.5,107,7.86,170.67,293,161,63.7146529670619,57006.93,0.695,18799.6,626.4,1370.0484848484848
311111,Dog and Cat Food Manufacturing,Dog & Cat Food Mfg,311111 | Dog & Cat Food Mfg,311111 - Dog and Cat Food Manufacturing,exact,2016,5895.5,1454.5,4441.0,764.2,329.35754189944134,17.9,13.9,3.9999999999999982,1069.7,31.3,779.0,12392.1,253,16.99,195.43,366,472,63.2604946594473,58179.7,2.197,19141.68,616.1675977653632,1307.826815642458
311119,Other Animal Food Manufacturing,Other Animal Food Mfg,311119 | Other Animal Food Mfg,311119 - Other Animal Food Manufacturing,exact,2015,7273.4,2695.5,4578.0,576.6,268.3911439114391,27.1,17.9,9.200000000000003,1394.3,36.9,794.8,27451.2,107,7.86,170.67,293,161,63.7146529670619,57006.93,0.695,18799.6,267.90036900369006,1281.2656826568266
311119,Other Animal Food Manufacturing,Other Animal Food Mfg,311119 | Other Animal Food Mfg,311119 - Other Animal Food Manufacturing,exact,2016,7412.6,2730.6,4681.9,610.5,262.8581560283688,28.2,18.9,9.3,1446.7,38.4,842.1,25791.5,253,16.99,195.43,366,472,63.2604946594473,58179.7,2.197,19141.68,260.790780141844,1174.2021276595744
311211,Flour Milling,Flour Milling,311211 | Flour Milling,311211 - Flour Milling,exact,2015,4257.3,1499.3,2758.0,221.5,363.8717948717949,11.7,8.1,3.5999999999999996,657.6,18.4,419.2,9633.6,107,7.86,170.67,293,161,63.7146529670619,57006.93,0.695,18799.6,400.47863247863256,1226.0854700854702
311211,Flour Milling,Flour Milling,311211 | Flour Milling,311211 - Flour Milling,exact,2016,4256.0,1497.5,2758.4,290.1,348.8524590163935,12.2,8.5,3.6999999999999993,696.0,19.5,441.2,8224.1,253,16.99,195.43,366,472,63.2604946594473,58179.7,2.197,19141.68,360.1639344262295,1033.3196721311476
311213,Malt Manufacturing,Malt Mfg,311213 | Malt Mfg,311213 - Malt Manufacturing,exact,2015,633.6,240.1,393.5,48.9,576.0,1.1,0.7,0.40000000000000013,71.0,1.4,40.5,1043.8,107,7.86,170.67,293,161,63.7146529670619,57006.93,0.695,18799.6,471.18181818181813,1387.3636363636363
311213,Malt Manufacturing,Malt Mfg,311213 | Malt Mfg,311213 - Malt Manufacturing,exact,2016,648.9,236.1,412.7,38.3,721.0,0.9,0.6,0.30000000000000004,66.2,1.3,40.8,1012.7,253,16.99,195.43,366,472,63.2604946594473,58179.7,2.197,19141.68,589.1111111111112,1685.2222222222222
311221,Wet Corn Milling and Starch Manufacturing,Wet Corn Milling & Starch Mfg,311221 | Wet Corn Milling & Starch Mfg,311221 - Wet Corn Milling and Starch Manufacturing,exact,2015,7843.2,2193.2,5650.0,268.1,1120.4571428571428,7.0,4.2,2.8,495.2,9.1,303.0,6598.6,107,7.86,170.67,293,161,63.7146529670619,57006.93,0.695,18799.6,558.3857142857142,1497.0857142857144
311221,Wet Corn Milling and Starch Manufacturing,Wet Corn Milling & Starch Mfg,311221 | Wet Corn Milling & Starch Mfg,311221 - Wet Corn Milling and Starch Manufacturing,exact,2016,7621.0,2166.7,5454.3,218.5,1104.4927536231883,6.9,4.0,2.9000000000000004,496.7,8.9,295.7,6376.3,253,16.99,195.43,366,472,63.2604946594473,58179.7,2.197,19141.68,554.3913043478261,1481.5797101449275
311224,Soybean and Other Oilseed Processing,Soybean & Other Oilseed Proc,311224 | Soybean & Other Oilseed Proc,311224 - Soybean and Other Oilseed Processing,exact,2015,4681.4,1521.8,3159.6,402.3,557.3095238095237,8.4,6.1,2.3000000000000007,500.4,13.4,314.7,31279.0,107,7.86,170.67,293,161,63.7146529670619,57006.93,0.695,18799.6,941.9166666666666,4667.880952380951
311224,Soybean and Other Oilseed Processing,Soybean & Other Oilseed Proc,311224 | Soybean & Other Oilseed Proc,311224 - Soybean and Other Oilseed Processing,exact,2016,4800.5,1513.0,3287.5,357.4,578.3734939759036,8.3,6.1,2.200000000000001,510.0,13.1,324.8,30532.0,253,16.99,195.43,366,472,63.2604946594473,58179.7,2.197,19141.68,1031.0481927710844,4665.144578313252
311225,Fats and Oils Refining and Blending,Fats & Oils Refining & Blending,311225 | Fats & Oils Refining & Blending,311225 - Fats and Oils Refining and Blending,exact,2015,2936.9,972.7,1964.1,172.2,391.5866666666667,7.5,5.5,2.0,438.8,12.3,281.9,9313.8,107,7.86,170.67,293,161,63.7146529670619,57006.93,0.695,18799.6,363.34666666666664,1609.2133333333334
311225,Fats and Oils Refining and Blending,Fats & Oils Refining & Blending,311225 | Fats & Oils Refining & Blending,311225 - Fats and Oils Refining and Blending,exact,2016,2937.0,975.0,1961.9,153.2,396.8918918918919,7.4,5.3,2.1000000000000005,451.2,12.0,275.8,8859.9,253,16.99,195.43,366,472,63.2604946594473,58179.7,2.197,19141.68,376.72972972972974,1569.6216216216217
311314,Cane Sugar Manufacturing,Cane Sugar Mfg,311314 | Cane Sugar Mfg,311314 - Cane Sugar Manufacturing,exact,2015,3418.1,1116.3,2301.8,287.5,495.3768115942029,6.9,5.4,1.5,411.6,11.0,303.1,3903.9,107,7.86,170.67,293,161,63.7146529670619,57006.93,0.695,18799.6,262.95652173913044,839.5217391304348
311314,Cane Sugar Manufacturing,Cane Sugar Mfg,311314 | Cane Sugar Mfg,311314 - Cane Sugar Manufacturing,exact,2016,3503.1,1091.9,2411.2,163.2,500.4428571428571,7.0,5.4,1.5999999999999996,436.0,11.4,317.0,4142.4,253,16.99,195.43,366,472,63.2604946594473,58179.7,2.197,19141.68,302.11428571428576,861.9428571428572
311421,Fruit and Vegetable Canning,Fruit & Vegetable Canning,311421 | Fruit & Vegetable Canning,311421 - Fruit and Vegetable Canning,exact,2015,12183.3,3978.8,8204.5,659.9,244.64457831325302,49.8,41.5,8.299999999999997,2352.1,88.6,1723.7,15178.4,107,7.86,170.67,293,161,63.7146529670619,57006.93,0.695,18799.6,211.97991967871488,513.9176706827309
311421,Fruit and Vegetable Canning,Fruit & Vegetable Canning,311421 | Fruit & Vegetable Canning,311421 - Fruit and Vegetable Canning,exact,2016,12122.7,3953.4,8169.3,551.5,244.9030303030303,49.5,41.0,8.5,2408.0,84.0,1767.2,13807.7,253,16.99,195.43,366,472,63.2604946594473,58179.7,2.197,19141.68,219.73333333333332,497.9919191919192
311422,Specialty Canning,Specialty Canning,311422 | Specialty Canning,311422 - Specialty Canning,exact,2015,4568.1,1596.3,2971.8,286.6,411.5405405405406,11.1,9.3,1.799999999999999,591.2,19.5,448.9,3573.8,107,7.86,170.67,293,161,63.7146529670619,57006.93,0.695,18799.6,491.49549549549556,815.1351351351352
311422,Specialty Canning,Specialty Canning,311422 | Specialty Canning,311422 - Specialty Canning,exact,2016,4608.0,1595.7,3012.3,151.8,418.90909090909093,11.0,9.1,1.9000000000000004,597.0,18.8,447.8,3395.1,253,16.99,195.43,366,472,63.2604946594473,58179.7,2.197,19141.68,506.8181818181818,816.4909090909091
311511,Fluid Milk Manufacturing,Fluid Milk Mfg,311511 | Fluid Milk Mfg,311511 - Fluid Milk Manufacturing,exact,2015,12848.3,4844.5,8003.8,950.4,261.6761710794297,49.1,31.1,18.0,2701.8,64.2,1599.4,23602.1,107,7.86,170.67,293,161,63.7146529670619,57006.93,0.695,18799.6,250.84317718940935,730.2749490835031
311511,Fluid Milk Manufacturing,Fluid Milk Mfg,311511 | Fluid Milk Mfg,311511 - Fluid Milk Manufacturing,exact,2016,13070.9,4850.2,8220.6,1171.8,263.52620967741933,49.6,31.9,17.700000000000003,2793.1,64.5,1637.8,22165.1,253,16.99,195.43,366,472,63.2604946594473,58179.7,2.197,19141.68,232.59879032258064,679.3508064516129
311512,Creamery Butter Manufacturing,Creamery Butter Mfg,311512 | Creamery Butter Mfg,311512 - Creamery Butter Manufacturing,exact,2015,778.2,323.1,455.1,48.8,288.22222222222223,2.7,2.0,0.7000000000000002,150.4,4.4,103.6,4383.6,107,7.86,170.67,293,161,63.7146529670619,57006.93,0.695,18799.6,170.59259259259258,1799.5185185185182
311512,Creamery Butter Manufacturing,Creamery Butter Mfg,311512 | Creamery Butter Mfg,311512 - Creamery Butter Manufacturing,exact,2016,782.3,312.5,469.8,43.9,269.7586206896552,2.9,2.1,0.7999999999999998,156.1,4.7,104.6,4563.2,253,16.99,195.43,366,472,63.2604946594473,58179.7,2.197,19141.68,201.0,1777.3103448275863
311513,Cheese Manufacturing,Cheese Mfg,311513 | Cheese Mfg,311513 - Cheese Manufacturing,exact,2015,10305.2,2814.5,7490.8,1075.2,217.86892177589854,47.3,40.5,6.799999999999997,2465.6,87.2,1929.0,36424.4,107,7.86,170.67,293,161,63.7146529670619,57006.93,0.695,18799.6,182.29809725158566,958.0422832980973
311513,Cheese Manufacturing,Cheese Mfg,311513 | Cheese Mfg,311513 - Cheese Manufacturing,exact,2016,10835.5,2930.6,7904.9,1077.0,220.68228105906314,49.1,42.0,7.100000000000001,2650.1,88.1,2057.4,35117.1,253,16.99,195.43,366,472,63.2604946594473,58179.7,2.197,19141.68,208.85947046843177,924.0835030549898
311514,"Dry, Condensed, and Evaporated Dairy Product Manufacturing","Dry, Condensed, & Evaporated Dairy Pr...","311514 | Dry, Condensed, & Evaporated Dairy Pr...","311514 - Dry, Condensed, and Evaporated Dairy Product Manufacturing",exact,2015,5377.7,1750.2,3627.5,431.1,358.5133333333333,15.0,11.4,3.5999999999999996,884.1,24.3,590.5,10898.8,107,7.86,170.67,293,161,63.7146529670619,57006.93,0.695,18799.6,491.85999999999996,1222.6399999999999
311514,"Dry, Condensed, and Evaporated Dairy Product Manufacturing","Dry, Condensed, & Evaporated Dairy Pr...","311514 | Dry, Condensed, & Evaporated Dairy Pr...","311514 - Dry, Condensed, and Evaporated Dairy Product Manufacturing",exact,2016,5498.6,1771.3,3727.3,688.4,345.8238993710692,15.9,12.1,3.8000000000000007,954.0,25.5,631.3,10542.1,253,16.99,195.43,366,472,63.2604946594473,58179.7,2.197,19141.68,522.1132075471698,1184.3522012578617
311611,Animal (except Poultry) Slaughtering,Animal (except Poultry) Slaughtering,311611 | Animal (except Poultry) Slaughtering,311611 - Animal (except Poultry) Slaughtering,exact,2015,16857.6,6198.7,10658.9,849.9,115.70075497597804,145.7,127.9,17.799999999999983,5469.7,263.0,4375.7,80367.5,107,7.86,170.67,293,161,63.7146529670619,57006.93,0.695,18799.6,119.35964310226494,673.356211393274
311611,Animal (except Poultry) Slaughtering,Animal (except Poultry) Slaughtering,311611 | Animal (except Poultry) Slaughtering,311611 - Animal (except Poultry) Slaughtering,exact,2016,16826.4,6139.8,10686.6,962.2,116.9312022237665,143.9,125.9,18.0,5669.8,249.6,4536.8,70939.5,253,16.99,195.43,366,472,63.2604946594473,58179.7,2.197,19141.68,133.79708130646281,626.9263377345378
311612,Meat Processed from Carcasses,Meat Processed from Carcasses,311612 | Meat Processed from Carcasses,311612 - Meat Processed from Carcasses,exact,2015,11222.5,4147.0,7075.5,1535.6,112.44989979959921,99.8,82.3,17.5,4113.8,176.3,2972.0,34963.4,107,7.86,170.67,293,161,63.7146529670619,57006.93,0.695,18799.6,148.49599198396794,499.7314629258517
311612,Meat Processed from Carcasses,Meat Processed from Carcasses,311612 | Meat Processed from Carcasses,311612 - Meat Processed from Carcasses,exact,2016,12093.3,4417.2,7676.1,1370.7,118.67811579980372,101.9,85.0,16.900000000000006,4372.2,185.1,3175.3,34567.1,253,16.99,195.43,366,472,63.2604946594473,58179.7,2.197,19141.68,159.59666339548576,499.36997055937195
311615,Poultry Processing,Poultry Proc,311615 | Poultry Proc,311615 - Poultry Processing,exact,2015,16727.3,5320.1,11407.2,1518.3,75.34819819819819,222.0,198.8,23.19999999999999,6820.2,407.2,5581.3,38520.2,107,7.86,170.67,293,161,63.7146529670619,57006.93,0.695,18799.6,112.08693693693694,285.7684684684685
311615,Poultry Processing,Poultry Proc,311615 | Poultry Proc,311615 - Poultry Processing,exact,2016,17360.5,5472.7,11887.8,1695.1,77.26079216733423,224.7,201.9,22.799999999999983,7207.9,414.6,5821.3,36400.6,253,16.99,195.43,366,472,63.2604946594473,58179.7,2.197,19141.68,115.2999554962172,277.2665776591011
311812,Commercial Bakeries,Commercial Bakeries,311812 | Commercial Bakeries,311812 - Commercial Bakeries,exact,2015,13857.9,4930.9,8927.0,777.6,131.6039886039886,105.3,72.4,32.89999999999999,4633.6,145.4,2642.9,11531.0,107,7.86,170.67,293,161,63.7146529670619,57006.93,0.695,18799.6,193.93447293447292,302.8575498575499
311812,Commercial Bakeries,Commercial Bakeries,311812 | Commercial Bakeries,311812 - Commercial Bakeries,exact,2016,13839.7,4863.5,8976.2,811.3,125.92993630573248,109.9,74.3,35.60000000000001,4956.9,147.6,2760.1,10769.0,253,16.99,195.43,366,472,63.2604946594473,58179.7,2.197,19141.68,194.29299363057322,292.2957233848953
311919,Other Snack Food Manufacturing,Other Snack Food Mfg,311919 | Other Snack Food Mfg,311919 - Other Snack Food Manufacturing,exact,2015,6265.9,1844.8,4421.0,554.1,181.62028985507246,34.5,26.1,8.399999999999999,1663.2,50.2,1118.5,7118.3,107,7.86,170.67,293,161,63.7146529670619,57006.93,0.695,18799.6,453.9014492753623,661.9623188405798
311919,Other Snack Food Manufacturing,Other Snack Food Mfg,311919 | Other Snack Food Mfg,311919 - Other Snack Food Manufacturing,exact,2016,6444.1,1870.2,4574.0,494.3,177.52341597796146,36.3,27.7,8.599999999999998,1830.9,54.3,1309.7,6935.1,253,16.99,195.43,366,472,63.2604946594473,58179.7,2.197,19141.68,454.43801652892563,645.1707988980717
311930,Flavoring Syrup and Concentrate Manufacturing,Flavoring Syrup & Concentrate Mfg,311930 | Flavoring Syrup & Concentrate Mfg,311930 - Flavoring Syrup and Concentrate Manufacturing,exact,2015,2284.7,724.6,1560.1,246.6,317.3194444444444,7.2,4.4,2.8,459.9,9.3,222.6,2692.2,107,7.86,170.67,293,161,63.7146529670619,57006.93,0.695,18799.6,1012.875,1388.3194444444443
311930,Flavoring Syrup and Concentrate Manufacturing,Flavoring Syrup & Concentrate Mfg,311930 | Flavoring Syrup & Concentrate Mfg,311930 - Flavoring Syrup and Concentrate Manufacturing,exact,2016,2424.3,738.7,1685.6,305.3,351.3478260869565,6.9,4.2,2.7,471.4,8.8,227.6,2804.2,253,16.99,195.43,366,472,63.2604946594473,58179.7,2.197,19141.68,1118.0579710144928,1521.4782608695652
312111,Soft Drink Manufacturing,Soft Drink Mfg,312111 | Soft Drink Mfg,312111 - Soft Drink Manufacturing,exact,2015,15785.6,4549.3,11236.3,838.8,330.9350104821803,47.7,28.7,19.000000000000004,2664.6,60.4,1586.1,28596.2,107,7.86,170.67,293,161,63.7146529670619,57006.93,0.695,18799.6,323.83228511530393,922.8574423480084
312111,Soft Drink Manufacturing,Soft Drink Mfg,312111 | Soft Drink Mfg,312111 - Soft Drink Manufacturing,exact,2016,15438.5,4524.5,10914.0,876.6,322.9811715481172,47.8,28.7,19.099999999999998,2818.0,60.4,1670.4,26107.0,253,16.99,195.43,366,472,63.2604946594473,58179.7,2.197,19141.68,299.2866108786611,842.9100418410042
312120,Breweries,Breweries,312120 | Breweries,312120 - Breweries,exact,2015,14914.7,5028.8,9885.9,1303.0,426.13428571428574,35.0,20.9,14.100000000000001,2221.7,38.4,1281.1,11415.5,107,7.86,170.67,293,161,63.7146529670619,57006.93,0.695,18799.6,567.8057142857143,891.3285714285714
312120,Breweries,Breweries,312120 | Breweries,312120 - Breweries,exact,2016,15211.5,5036.9,10174.7,1568.8,378.39552238805965,40.2,24.1,16.1,2488.2,43.7,1481.2,10409.7,253,16.99,195.43,366,472,63.2604946594473,58179.7,2.197,19141.68,520.1567164179104,776.7611940298507
312130,Wineries,Wineries,312130 | Wineries,312130 - Wineries,exact,2015,8625.4,2463.6,6161.8,887.9,214.56218905472633,40.2,16.9,23.300000000000004,2242.5,33.9,830.4,7941.9,107,7.86,170.67,293,161,63.7146529670619,57006.93,0.695,18799.6,313.9676616915423,496.6442786069651
312130,Wineries,Wineries,312130 | Wineries,312130 - Wineries,exact,2016,8998.0,2563.7,6434.3,1000.3,212.2169811320755,42.4,18.4,24.0,2406.4,36.0,910.8,8420.2,253,16.99,195.43,366,472,63.2604946594473,58179.7,2.197,19141.68,322.9929245283019,512.4528301886793
312140,Distilleries,Distilleries,312140 | Distilleries,312140 - Distilleries,exact,2015,2039.5,660.6,1378.9,324.5,237.1511627906977,8.6,5.8,2.8,564.8,11.4,338.3,3746.8,107,7.86,170.67,293,161,63.7146529670619,57006.93,0.695,18799.6,951.5813953488373,1374.6162790697676
312140,Distilleries,Distilleries,312140 | Distilleries,312140 - Distilleries,exact,2016,2163.9,705.3,1458.6,372.8,237.79120879120882,9.1,5.8,3.3,618.3,12.6,337.2,3823.9,253,16.99,195.43,366,472,63.2604946594473,58179.7,2.197,19141.68,945.4285714285714,1376.3846153846155
312230,Tobacco Manufacturing,Tobacco Mfg,312230 | Tobacco Mfg,312230 - Tobacco Manufacturing,exact,2015,6554.6,3036.6,3518.0,347.5,504.20000000000005,13.0,9.8,3.1999999999999993,813.1,17.7,489.0,7967.7,107,7.86,170.67,293,161,63.7146529670619,57006.93,0.695,18799.6,2579.876923076923,3188.707692307692
312230,Tobacco Manufacturing,Tobacco Mfg,312230 | Tobacco Mfg,312230 - Tobacco Manufacturing,exact,2016,6466.5,3001.5,3465.0,344.7,497.4230769230769,13.0,9.8,3.1999999999999993,854.9,18.5,515.8,8242.2,253,16.99,195.43,366,472,63.2604946594473,58179.7,2.197,19141.68,2643.584615384615,3278.361538461538
313210,Broadwoven Fabric Mills,Broadwoven Fabric Mills,313210 | Broadwoven Fabric Mills,313210 - Broadwoven Fabric Mills,exact,2015,6531.8,3641.8,2890.0,125.9,371.125,17.6,15.0,2.6000000000000014,691.5,31.7,504.3,2645.1,107,7.86,170.67,293,161,63.7146529670619,57006.93,0.695,18799.6,89.21590909090908,240.59090909090904
313210,Broadwoven Fabric Mills,Broadwoven Fabric Mills,313210 | Broadwoven Fabric Mills,313210 - Broadwoven Fabric Mills,exact,2016,6097.6,3523.6,2574.1,85.9,342.561797752809,17.8,15.3,2.5,685.8,31.4,498.6,2434.0,253,16.99,195.43,366,472,63.2604946594473,58179.7,2.197,19141.68,81.53370786516854,218.62921348314606
321113,Sawmills,Sawmills,321113 | Sawmills,321113 - Sawmills,exact,2015,8918.8,3236.4,5682.3,1262.0,134.7250755287009,66.2,56.2,10.0,3083.1,124.3,2422.1,12905.8,107,7.86,170.67,293,161,63.7146529670619,57006.93,0.695,18799.6,133.6737160120846,328.72809667673715
321113,Sawmills,Sawmills,321113 | Sawmills,321113 - Sawmills,exact,2016,9281.3,3206.9,6074.4,1251.4,139.35885885885887,66.6,56.4,10.199999999999996,3207.0,124.7,2513.7,12976.5,253,16.99,195.43,366,472,63.2604946594473,58179.7,2.197,19141.68,148.15465465465468,342.22522522522524
322110,Pulp Mills,Pulp Mills,322110 | Pulp Mills,322110 - Pulp Mills,exact,2015,7240.8,2262.3,4978.5,404.0,872.3855421686746,8.3,6.8,1.5000000000000009,707.0,15.8,552.9,3045.8,107,7.86,170.67,293,161,63.7146529670619,57006.93,0.695,18799.6,379.39759036144574,744.8795180722891
322110,Pulp Mills,Pulp Mills,322110 | Pulp Mills,322110 - Pulp Mills,exact,2016,7203.3,2225.3,4978.0,453.5,900.4125,8.0,6.4,1.5999999999999996,671.0,14.4,518.1,2761.2,253,16.99,195.43,366,472,63.2604946594473,58179.7,2.197,19141.68,346.1375,687.6375
322121,Paper MillsT,Paper MillsT,322121 | Paper MillsT,322121 - Paper MillsT,prefix_5_digit,2015,37967.2,10805.1,27162.1,2341.0,667.261862917399,56.9,45.8,11.100000000000001,4125.4,98.3,3160.9,20573.0,107,7.86,170.67,293,161,63.7146529670619,57006.93,0.695,18799.6,385.73813708260104,748.0826010544816
322121,Paper MillsT,Paper MillsT,322121 | Paper MillsT,322121 - Paper MillsT,prefix_5_digit,2016,37539.1,10659.6,26879.5,1938.4,683.7723132969035,54.9,43.9,11.0,4042.5,94.9,3097.0,19379.5,253,16.99,195.43,366,472,63.2604946594473,58179.7,2.197,19141.68,383.3588342440802,736.1001821493625
322122,Paper MillsT,Paper MillsT,322122 | Paper MillsT,322122 - Paper MillsT,prefix_5_digit,2015,4605.7,1663.4,2942.3,167.1,2093.4999999999995,2.2,1.7,0.5000000000000002,183.4,4.0,138.7,982.4,107,7.86,170.67,293,161,63.7146529670619,57006.93,0.695,18799.6,339.5454545454545,799.8181818181818
322122,Paper MillsT,Paper MillsT,322122 | Paper MillsT,322122 - Paper MillsT,prefix_5_digit,2016,4405.1,1629.6,2775.5,128.5,2318.4736842105267,1.9,1.5,0.3999999999999999,157.0,3.4,120.0,871.7,253,16.99,195.43,366,472,63.2604946594473,58179.7,2.197,19141.68,348.05263157894734,802.842105263158
322130,Paperboard Mills,Paperbd Mills,322130 | Paperbd Mills,322130 - Paperboard Mills,exact,2015,21083.7,5479.4,15604.3,2033.9,611.1217391304348,34.5,26.7,7.800000000000001,2800.1,59.7,2106.0,12334.6,107,7.86,170.67,293,161,63.7146529670619,57006.93,0.695,18799.6,511.90434782608696,868.5739130434782
322130,Paperboard Mills,Paperbd Mills,322130 | Paperbd Mills,322130 - Paperboard Mills,exact,2016,21455.2,5466.6,15988.5,2232.1,625.5160349854228,34.3,26.2,8.099999999999998,2769.7,59.2,2094.0,12045.3,253,16.99,195.43,366,472,63.2604946594473,58179.7,2.197,19141.68,493.9008746355685,845.3790087463558
322211,Corrugated and Solid Fiber Box Manufacturing,Corrugated & Solid Fiber Box Mfg,322211 | Corrugated & Solid Fiber Box Mfg,322211 - Corrugated and Solid Fiber Box Manufacturing,exact,2015,13007.5,3149.7,9857.8,1447.3,168.27296248382925,77.3,58.2,19.099999999999994,4638.8,117.9,2841.6,25499.0,107,7.86,170.67,293,161,63.7146529670619,57006.93,0.695,18799.6,173.63906856403622,503.1125485122898
322211,Corrugated and Solid Fiber Box Manufacturing,Corrugated & Solid Fiber Box Mfg,322211 | Corrugated & Solid Fiber Box Mfg,322211 - Corrugated and Solid Fiber Box Manufacturing,exact,2016,13320.7,3275.7,10045.0,1277.7,170.12388250319287,78.3,59.0,19.299999999999997,4711.2,121.3,2932.7,25390.0,253,16.99,195.43,366,472,63.2604946594473,58179.7,2.197,19141.68,180.56194125159644,503.91570881226056
323111,Commercial Printing (except Screen and Books),Commercial Print (except Screen & Books),323111 | Commercial Print (except Screen & Books),323111 - Commercial Printing (except Screen and Books),exact,2015,33582.9,8970.9,24612.0,1834.6,106.40969581749049,315.6,221.4,94.20000000000002,16189.5,448.1,9920.7,27832.3,107,7.86,170.67,293,161,63.7146529670619,57006.93,0.695,18799.6,121.33079847908745,209.5516476552598
323111,Commercial Printing (except Screen and Books),Commercial Print (except Screen & Books),323111 | Commercial Print (except Screen & Books),323111 - Commercial Printing (except Screen and Books),exact,2016,32416.8,8861.0,23555.8,2062.6,101.9075762338887,318.1,224.0,94.10000000000002,16647.9,445.5,10259.8,27844.2,253,16.99,195.43,366,472,63.2604946594473,58179.7,2.197,19141.68,124.83935869223514,212.15844074190505
324110,Petroleum Refineries,Petroleum Refineries,324110 | Petroleum Refineries,324110 - Petroleum Refineries,exact,2015,187513.6,47548.2,139965.4,14218.9,2907.187596899225,64.5,39.3,25.200000000000003,7811.0,89.6,4126.2,371196.3,107,7.86,170.67,293,161,63.7146529670619,57006.93,0.695,18799.6,1330.7131782945737,7195.503875968992
324110,Petroleum Refineries,Petroleum Refineries,324110 | Petroleum Refineries,324110 - Petroleum Refineries,exact,2016,191465.6,50169.1,141296.5,12495.5,2950.1633281972263,64.9,39.0,25.900000000000006,7977.2,89.5,4348.0,322447.8,253,16.99,195.43,366,472,63.2604946594473,58179.7,2.197,19141.68,1059.437596302003,5982.4699537750375
324122,Asphalt Shingle and Coating Materials Manufacturing,Asphalt Shingle & Coating Materials Mfg,324122 | Asphalt Shingle & Coating Materials Mfg,324122 - Asphalt Shingle and Coating Materials Manufacturing,exact,2015,3061.9,645.2,2416.8,162.5,356.0348837209303,8.6,6.6,2.0,602.3,14.3,411.2,5171.5,107,7.86,170.67,293,161,63.7146529670619,57006.93,0.695,18799.6,458.62790697674416,1084.2325581395348
324122,Asphalt Shingle and Coating Materials Manufacturing,Asphalt Shingle & Coating Materials Mfg,324122 | Asphalt Shingle & Coating Materials Mfg,324122 - Asphalt Shingle and Coating Materials Manufacturing,exact,2016,3064.9,639.9,2425.0,645.5,340.5444444444445,9.0,6.8,2.2,673.7,15.5,475.6,5098.0,253,16.99,195.43,366,472,63.2604946594473,58179.7,2.197,19141.68,521.0222222222222,1085.2444444444445
324191,Petroleum Lubricating Oil and Grease Manufacturing,Petroleum Lubricating Oil & Grease Mfg,324191 | Petroleum Lubricating Oil & Grease Mfg,324191 - Petroleum Lubricating Oil and Grease Manufacturing,exact,2015,3016.8,715.6,2301.2,319.7,255.66101694915255,11.8,7.3,4.500000000000001,869.7,14.6,439.9,10858.0,107,7.86,170.67,293,161,63.7146529670619,57006.93,0.695,18799.6,507.6440677966101,1425.3135593220338
324191,Petroleum Lubricating Oil and Grease Manufacturing,Petroleum Lubricating Oil & Grease Mfg,324191 | Petroleum Lubricating Oil & Grease Mfg,324191 - Petroleum Lubricating Oil and Grease Manufacturing,exact,2016,3189.0,735.5,2453.5,686.7,272.5641025641026,11.7,7.0,4.699999999999999,926.3,13.9,439.3,10894.0,253,16.99,195.43,366,472,63.2604946594473,58179.7,2.197,19141.68,496.7777777777778,1421.9401709401711
324199,All Other Petroleum and Coal Products Manufacturing,All Other Petroleum & Coal Prod Mfg,324199 | All Other Petroleum & Coal Prod Mfg,324199 - All Other Petroleum and Coal Products Manufacturing,exact,2015,2148.4,499.7,1648.7,153.9,671.375,3.2,2.5,0.7000000000000002,226.7,5.7,169.3,2331.4,107,7.86,170.67,293,161,63.7146529670619,57006.93,0.695,18799.6,512.875,1246.59375
324199,All Other Petroleum and Coal Products Manufacturing,All Other Petroleum & Coal Prod Mfg,324199 | All Other Petroleum & Coal Prod Mfg,324199 - All Other Petroleum and Coal Products Manufacturing,exact,2016,2203.1,496.9,1706.2,115.3,759.6896551724138,2.9,2.2,0.6999999999999997,208.9,4.9,154.5,1798.0,253,16.99,195.43,366,472,63.2604946594473,58179.7,2.197,19141.68,441.2068965517241,1067.5862068965519
325110,Petrochemical Manufacturing,Petrochemical Mfg,325110 | Petrochemical Mfg,325110 - Petrochemical Manufacturing,exact,2015,16412.8,3891.2,12521.6,2647.9,1803.6043956043957,9.1,5.7,3.3999999999999995,1043.1,12.3,625.7,27421.8,107,7.86,170.67,293,161,63.7146529670619,57006.93,0.695,18799.6,2510.868131868132,5546.879120879121
325110,Petrochemical Manufacturing,Petrochemical Mfg,325110 | Petrochemical Mfg,325110 - Petrochemical Manufacturing,exact,2016,17823.5,3975.5,13848.0,3506.7,1896.1170212765958,9.4,5.9,3.5,1076.9,12.3,659.7,22885.6,253,16.99,195.43,366,472,63.2604946594473,58179.7,2.197,19141.68,2966.0957446808507,5405.053191489362
325120,Industrial Gas Manufacturing,Industrial Gas Mfg,325120 | Industrial Gas Mfg,325120 - Industrial Gas Manufacturing,exact,2015,7639.6,1074.4,6565.2,474.5,821.4623655913978,9.3,6.4,2.9000000000000004,677.2,14.4,451.8,2834.7,107,7.86,170.67,293,161,63.7146529670619,57006.93,0.695,18799.6,435.7311827956989,736.3870967741934
325120,Industrial Gas Manufacturing,Industrial Gas Mfg,325120 | Industrial Gas Mfg,325120 - Industrial Gas Manufacturing,exact,2016,7534.3,1043.4,6490.9,358.2,627.8583333333333,12.0,7.9,4.1,895.9,16.7,565.8,3634.9,253,16.99,195.43,366,472,63.2604946594473,58179.7,2.197,19141.68,433.9583333333333,729.8333333333334
325130,Synthetic Dye and Pigment Manufacturing,Synthetic Dye & Pigment Mfg,325130 | Synthetic Dye & Pigment Mfg,325130 - Synthetic Dye and Pigment Manufacturing,exact,2015,4887.8,1431.7,3456.2,197.8,588.8915662650602,8.3,5.2,3.1000000000000005,633.6,11.0,374.0,3622.2,107,7.86,170.67,293,161,63.7146529670619,57006.93,0.695,18799.6,390.71084337349396,825.7590361445783
325130,Synthetic Dye and Pigment Manufacturing,Synthetic Dye & Pigment Mfg,325130 | Synthetic Dye & Pigment Mfg,325130 - Synthetic Dye and Pigment Manufacturing,exact,2016,4733.5,1401.1,3332.4,173.8,577.2560975609756,8.2,5.0,3.1999999999999993,640.8,10.5,366.7,3319.2,253,16.99,195.43,366,472,63.2604946594473,58179.7,2.197,19141.68,371.5853658536586,785.6707317073171
325180,Other Basic Inorganic Chemical Manufacturing,Other Basic Inorganic Chem Mfg,325180 | Other Basic Inorganic Chem Mfg,325180 - Other Basic Inorganic Chemical Manufacturing,exact,2015,21194.4,4655.6,16538.8,2198.8,556.2834645669292,38.1,24.5,13.600000000000001,3164.8,52.3,1845.3,13059.0,107,7.86,170.67,293,161,63.7146529670619,57006.93,0.695,18799.6,481.6272965879265,828.7401574803149
325180,Other Basic Inorganic Chemical Manufacturing,Other Basic Inorganic Chem Mfg,325180 | Other Basic Inorganic Chem Mfg,325180 - Other Basic Inorganic Chemical Manufacturing,exact,2016,21961.5,4663.0,17298.5,1622.9,596.7798913043479,36.8,22.9,13.899999999999999,3155.6,48.7,1746.0,11244.1,253,16.99,195.43,366,472,63.2604946594473,58179.7,2.197,19141.68,461.0516304347827,767.4864130434784
325193,Ethyl Alcohol Manufacturing,Ethyl Alcohol Mfg,325193 | Ethyl Alcohol Mfg,325193 - Ethyl Alcohol Manufacturing,exact,2015,5854.7,918.5,4936.2,884.1,496.1610169491525,11.8,8.5,3.3000000000000007,763.9,18.6,491.4,25538.1,107,7.86,170.67,293,161,63.7146529670619,57006.93,0.695,18799.6,557.5423728813558,2727.7203389830506
325193,Ethyl Alcohol Manufacturing,Ethyl Alcohol Mfg,325193 | Ethyl Alcohol Mfg,325193 - Ethyl Alcohol Manufacturing,exact,2016,6342.5,1048.6,5294.0,976.0,546.7672413793103,11.6,8.6,3.0,785.2,18.5,511.9,24084.8,253,16.99,195.43,366,472,63.2604946594473,58179.7,2.197,19141.68,637.9310344827586,2710.7844827586205
325194,"Cyclic Crude, Intermediate, and Gum and Wood Chemical Manufacturing","Cyclic Crude, Intermediate, & Gum & W...","325194 | Cyclic Crude, Intermediate, & Gum & W...","325194 - Cyclic Crude, Intermediate, and Gum and Wood Chemical Manufacturing",exact,2015,4945.1,1433.1,3512.1,332.6,883.0535714285716,5.6,3.7,1.8999999999999995,511.4,7.9,286.6,3881.3,107,7.86,170.67,293,161,63.7146529670619,57006.93,0.695,18799.6,695.1785714285714,1392.3392857142858
325194,"Cyclic Crude, Intermediate, and Gum and Wood Chemical Manufacturing","Cyclic Crude, Intermediate, & Gum & W...","325194 | Cyclic Crude, Intermediate, & Gum & W...","325194 - Cyclic Crude, Intermediate, and Gum and Wood Chemical Manufacturing",exact,2016,4913.0,1397.8,3515.2,314.0,832.7118644067796,5.9,3.7,2.2,540.4,8.2,292.8,3543.5,253,16.99,195.43,366,472,63.2604946594473,58179.7,2.197,19141.68,548.7118644067797,1185.5593220338983
325199,All Other Basic Organic Chemical Manufacturing,All Other Basic Organic Chem Mfg,325199 | All Other Basic Organic Chem Mfg,325199 - All Other Basic Organic Chemical Manufacturing,exact,2015,43624.1,11183.8,32440.3,4979.7,648.2035661218425,67.3,36.7,30.599999999999994,5933.5,79.4,3021.3,42939.9,107,7.86,170.67,293,161,63.7146529670619,57006.93,0.695,18799.6,516.1396731054978,1166.8632986627042
325199,All Other Basic Organic Chemical Manufacturing,All Other Basic Organic Chem Mfg,325199 | All Other Basic Organic Chem Mfg,325199 - All Other Basic Organic Chemical Manufacturing,exact,2016,44722.1,11695.5,33026.5,4312.5,693.3658914728682,64.5,35.5,29.0,5951.6,77.2,3071.6,40271.9,253,16.99,195.43,366,472,63.2604946594473,58179.7,2.197,19141.68,538.9116279069768,1165.7720930232558
325211,Plastics Material and Resin Manufacturing,Plast Material & Resin Mfg,325211 | Plast Material & Resin Mfg,325211 - Plastics Material and Resin Manufacturing,exact,2015,33520.5,6375.6,27144.9,4458.4,471.45569620253167,71.1,46.2,24.89999999999999,5703.4,97.9,3064.7,55130.4,107,7.86,170.67,293,161,63.7146529670619,57006.93,0.695,18799.6,406.0717299578059,1200.9535864978905
325211,Plastics Material and Resin Manufacturing,Plast Material & Resin Mfg,325211 | Plast Material & Resin Mfg,325211 - Plastics Material and Resin Manufacturing,exact,2016,35428.1,6347.4,29080.7,5385.2,508.2941176470588,69.7,45.2,24.5,5826.6,96.4,3205.5,50555.6,253,16.99,195.43,366,472,63.2604946594473,58179.7,2.197,19141.68,435.84648493543756,1157.6700143472024
325220,Artificial and Synthetic Fibers and Filaments Manufacturing,Artificial & Synthetic Fibers & Filam...,325220 | Artificial & Synthetic Fibers & Filam...,325220 - Artificial and Synthetic Fibers and Filaments Manufacturing,exact,2015,7809.6,3594.9,4214.7,371.4,582.8059701492538,13.4,11.0,2.4000000000000004,678.0,22.7,497.8,4346.2,107,7.86,170.67,293,161,63.7146529670619,57006.93,0.695,18799.6,212.84328358208953,544.2611940298508
325220,Artificial and Synthetic Fibers and Filaments Manufacturing,Artificial & Synthetic Fibers & Filam...,325220 | Artificial & Synthetic Fibers & Filam...,325220 - Artificial and Synthetic Fibers and Filaments Manufacturing,exact,2016,7643.0,3484.2,4158.8,409.2,570.3731343283582,13.4,10.9,2.5,681.3,22.6,492.4,4014.8,253,16.99,195.43,366,472,63.2604946594473,58179.7,2.197,19141.68,199.07462686567163,496.9776119402985
325311,Nitrogenous Fertilizer Manufacturing,Nitrogenous Fertilizer Mfg,325311 | Nitrogenous Fertilizer Mfg,325311 - Nitrogenous Fertilizer Manufacturing,exact,2015,7034.4,1022.8,6011.6,4318.7,1302.6666666666665,5.4,3.4,2.0000000000000004,484.9,7.9,285.0,2260.9,107,7.86,170.67,293,161,63.7146529670619,57006.93,0.695,18799.6,1098.9444444444443,1525.6111111111109
325311,Nitrogenous Fertilizer Manufacturing,Nitrogenous Fertilizer Mfg,325311 | Nitrogenous Fertilizer Mfg,325311 - Nitrogenous Fertilizer Manufacturing,exact,2016,10368.1,1035.7,9332.4,3288.1,1818.9649122807018,5.7,3.7,2.0,500.7,8.0,294.6,2096.4,253,16.99,195.43,366,472,63.2604946594473,58179.7,2.197,19141.68,773.421052631579,1128.8421052631577
325312,Phosphatic Fertilizer Manufacturing,Phosphatic Fertilizer Mfg,325312 | Phosphatic Fertilizer Mfg,325312 - Phosphatic Fertilizer Manufacturing,exact,2015,5528.1,1852.8,3675.3,741.5,987.1607142857144,5.6,3.9,1.6999999999999997,482.6,9.7,310.5,3833.1,107,7.86,170.67,293,161,63.7146529670619,57006.93,0.695,18799.6,504.76785714285717,1164.857142857143
325312,Phosphatic Fertilizer Manufacturing,Phosphatic Fertilizer Mfg,325312 | Phosphatic Fertilizer Mfg,325312 - Phosphatic Fertilizer Manufacturing,exact,2016,5856.7,1968.1,3888.6,578.2,1084.574074074074,5.4,3.9,1.5000000000000004,467.2,10.0,306.3,3196.5,253,16.99,195.43,366,472,63.2604946594473,58179.7,2.197,19141.68,513.6666666666666,1097.5555555555554
325320,Pesticide and Other Agricultural Chemical Manufacturing,Pesticide & Other Agricultural Chem Mfg,325320 | Pesticide & Other Agricultural Chem Mfg,325320 - Pesticide and Other Agricultural Chemical Manufacturing,exact,2015,4367.7,1227.7,3140.0,491.2,397.06363636363636,11.0,7.0,4.0,742.6,13.5,393.3,8153.4,107,7.86,170.67,293,161,63.7146529670619,57006.93,0.695,18799.6,620.1636363636363,1356.5363636363636
325320,Pesticide and Other Agricultural Chemical Manufacturing,Pesticide & Other Agricultural Chem Mfg,325320 | Pesticide & Other Agricultural Chem Mfg,325320 - Pesticide and Other Agricultural Chemical Manufacturing,exact,2016,4537.6,1236.0,3301.6,338.1,381.3109243697479,11.9,7.9,4.0,763.1,14.4,425.8,8406.6,253,16.99,195.43,366,472,63.2604946594473,58179.7,2.197,19141.68,592.1512605042017,1309.9243697478992
325412,Pharmaceutical Preparation Manufacturing,Pharma Prep Mfg,325412 | Pharma Prep Mfg,325412 - Pharmaceutical Preparation Manufacturing,exact,2015,53800.3,23421.1,30379.1,4418.6,347.322788896062,154.9,80.4,74.5,12082.9,155.2,4556.6,52466.7,107,7.86,170.67,293,161,63.7146529670619,57006.93,0.695,18799.6,718.1659134925758,1046.7901872175596
325412,Pharmaceutical Preparation Manufacturing,Pharma Prep Mfg,325412 | Pharma Prep Mfg,325412 - Pharmaceutical Preparation Manufacturing,exact,2016,55221.0,23861.2,31359.8,3264.0,355.11897106109325,155.5,79.4,76.1,12301.3,157.2,4627.9,47896.5,253,16.99,195.43,366,472,63.2604946594473,58179.7,2.197,19141.68,759.0797427652733,1062.290032154341
325414,Biological Product (except Diagnostic) Manufacturing,Biological Prod (except Diagnostic) Mfg,325414 | Biological Prod (except Diagnostic) Mfg,325414 - Biological Product (except Diagnostic) Manufacturing,exact,2015,13470.9,4887.0,8583.8,1672.9,325.3840579710145,41.4,25.8,15.599999999999998,3932.8,50.0,2105.5,8860.7,107,7.86,170.67,293,161,63.7146529670619,57006.93,0.695,18799.6,474.2874396135266,675.6521739130435
325414,Biological Product (except Diagnostic) Manufacturing,Biological Prod (except Diagnostic) Mfg,325414 | Biological Prod (except Diagnostic) Mfg,325414 - Biological Product (except Diagnostic) Manufacturing,exact,2016,14489.1,5188.4,9300.7,1383.1,345.8019093078759,41.9,26.6,15.299999999999997,4113.5,52.8,2204.9,8947.3,253,16.99,195.43,366,472,63.2604946594473,58179.7,2.197,19141.68,490.1145584725537,686.1933174224343
325510,Paint and Coating Manufacturing,Paint & Coating Mfg,325510 | Paint & Coating Mfg,325510 - Paint and Coating Manufacturing,exact,2015,5533.4,2654.7,2878.7,321.6,162.74705882352941,34.0,20.0,14.0,2233.5,41.4,1011.1,14945.2,107,7.86,170.67,293,161,63.7146529670619,57006.93,0.695,18799.6,372.8264705882353,814.864705882353
325611,Soap and Other Detergent Manufacturing,Soap & Other Detergent Mfg,325611 | Soap & Other Detergent Mfg,325611 - Soap and Other Detergent Manufacturing,exact,2015,7674.8,2396.0,5278.8,577.1,348.8545454545455,22.0,15.0,7.0,1348.3,31.2,803.8,7682.7,107,7.86,170.67,293,161,63.7146529670619,57006.93,0.695,18799.6,686.5772727272728,1035.3227272727272
325611,Soap and Other Detergent Manufacturing,Soap & Other Detergent Mfg,325611 | Soap & Other Detergent Mfg,325611 - Soap and Other Detergent Manufacturing,exact,2016,7714.1,2393.1,5321.0,613.8,353.85779816513764,21.8,15.1,6.700000000000001,1381.2,30.6,809.7,7354.1,253,16.99,195.43,366,472,63.2604946594473,58179.7,2.197,19141.68,737.1422018348624,1071.8211009174313
325613,Surface Active Agent Manufacturing,Surface Active Agent Mfg,325613 | Surface Active Agent Mfg,325613 - Surface Active Agent Manufacturing,exact,2015,4294.8,1151.6,3143.2,385.2,795.3333333333334,5.4,3.1,2.3000000000000003,462.1,6.7,231.7,3790.4,107,7.86,170.67,293,161,63.7146529670619,57006.93,0.695,18799.6,513.7962962962963,1231.185185185185
325613,Surface Active Agent Manufacturing,Surface Active Agent Mfg,325613 | Surface Active Agent Mfg,325613 - Surface Active Agent Manufacturing,exact,2016,4350.5,1149.9,3200.6,312.0,805.648148148148,5.4,3.0,2.4000000000000004,471.4,6.6,238.8,3431.3,253,16.99,195.43,366,472,63.2604946594473,58179.7,2.197,19141.68,611.2037037037037,1246.7777777777778
325620,Toilet Preparation Manufacturing,Toilet Prep Mfg,325620 | Toilet Prep Mfg,325620 - Toilet Preparation Manufacturing,exact,2015,9962.1,2947.6,7014.6,787.1,220.8891352549889,45.1,28.0,17.1,2697.6,52.1,1211.8,19794.0,107,7.86,170.67,293,161,63.7146529670619,57006.93,0.695,18799.6,605.5654101995565,1047.8270509977826
325620,Toilet Preparation Manufacturing,Toilet Prep Mfg,325620 | Toilet Prep Mfg,325620 - Toilet Preparation Manufacturing,exact,2016,10043.0,2919.8,7123.3,1704.7,218.32608695652175,46.0,28.2,17.8,2763.4,51.3,1202.3,16493.5,253,16.99,195.43,366,472,63.2604946594473,58179.7,2.197,19141.68,601.5304347826087,965.0173913043479
325992,"Photographic Film, Paper, Plate, Chemical, and Copy Toner Manufacturing","Photographic Film, Paper, Plate, Chem...","325992 | Photographic Film, Paper, Plate, Chem...","325992 - Photographic Film, Paper, Plate, Chemical, and Copy Toner Manufacturing",exact,2015,4996.3,2218.5,2777.8,69.0,494.6831683168317,10.1,7.0,3.0999999999999996,616.3,13.2,334.2,3189.5,107,7.86,170.67,293,161,63.7146529670619,57006.93,0.695,18799.6,409.0891089108911,724.3861386138615
325998,All Other Miscellaneous Chemical Product and Preparation Manufacturing,All Other Misc Chem Prod & Prep Mfg,325998 | All Other Misc Chem Prod & Prep Mfg,325998 - All Other Miscellaneous Chemical Product and Preparation Manufacturing,exact,2015,7585.6,2221.7,5364.0,1360.6,227.79579579579584,33.3,20.9,12.399999999999999,2179.1,44.3,1141.3,10202.4,107,7.86,170.67,293,161,63.7146529670619,57006.93,0.695,18799.6,326.4054054054054,632.3933933933935
325998,All Other Miscellaneous Chemical Product and Preparation Manufacturing,All Other Misc Chem Prod & Prep Mfg,325998 | All Other Misc Chem Prod & Prep Mfg,325998 - All Other Miscellaneous Chemical Product and Preparation Manufacturing,exact,2016,8450.4,2268.9,6181.6,1155.0,263.2523364485981,32.1,20.0,12.100000000000001,2195.6,41.4,1156.0,8993.1,253,16.99,195.43,366,472,63.2604946594473,58179.7,2.197,19141.68,342.1651090342679,617.0498442367601
326199,All Other Plastics Product Manufacturing,All Other Plast Prod Mfg,326199 | All Other Plast Prod Mfg,326199 - All Other Plastics Product Manufacturing,exact,2015,40358.9,12192.4,28166.6,3764.0,113.20869565217392,356.5,273.4,83.10000000000002,15843.5,558.7,9918.6,46072.0,107,7.86,170.67,293,161,63.7146529670619,57006.93,0.695,18799.6,134.98793828892005,264.17082748948104
326199,All Other Plastics Product Manufacturing,All Other Plast Prod Mfg,326199 | All Other Plast Prod Mfg,326199 - All Other Plastics Product Manufacturing,exact,2016,40619.3,12211.6,28407.7,5164.0,111.96058434399119,362.8,278.1,84.69999999999999,16233.0,561.5,10200.7,44372.8,253,16.99,195.43,366,472,63.2604946594473,58179.7,2.197,19141.68,139.13506063947077,260.9539691289967
326211,Tire Manufacturing (except Retreading),Tire Mfg (except Retreading),326211 | Tire Mfg (except Retreading),326211 - Tire Manufacturing (except Retreading),exact,2015,10400.0,3765.8,6634.2,797.1,236.90205011389523,43.9,36.1,7.799999999999997,2614.2,75.5,2040.5,10165.2,107,7.86,170.67,293,161,63.7146529670619,57006.93,0.695,18799.6,189.94533029612757,421.4373576309795
326211,Tire Manufacturing (except Retreading),Tire Mfg (except Retreading),326211 | Tire Mfg (except Retreading),326211 - Tire Manufacturing (except Retreading),exact,2016,10410.9,3667.7,6743.1,1115.8,237.1503416856492,43.9,35.9,8.0,2623.8,72.2,2006.3,9097.3,253,16.99,195.43,366,472,63.2604946594473,58179.7,2.197,19141.68,179.33485193621868,388.27334851936223
327310,Cement Manufacturing,Cement Mfg,327310 | Cement Mfg,327310 - Cement Manufacturing,exact,2015,11939.7,2857.1,9082.6,801.7,970.7073170731708,12.3,9.0,3.3000000000000007,914.0,20.4,623.0,3648.6,107,7.86,170.67,293,161,63.7146529670619,57006.93,0.695,18799.6,378.73983739837394,673.4227642276422
327310,Cement Manufacturing,Cement Mfg,327310 | Cement Mfg,327310 - Cement Manufacturing,exact,2016,11919.9,2896.3,9023.6,545.3,938.5748031496063,12.7,9.5,3.1999999999999993,986.8,20.2,667.5,3705.8,253,16.99,195.43,366,472,63.2604946594473,58179.7,2.197,19141.68,393.2204724409449,685.0078740157481
327320,Ready-Mix Concrete Manufacturing,Ready-Mix Concrete Mfg,327320 | Ready-Mix Concrete Mfg,327320 - Ready-Mix Concrete Manufacturing,exact,2015,10829.1,2885.6,7943.5,1295.5,140.82054616384914,76.9,62.8,14.100000000000009,3812.0,129.2,3010.9,14155.9,107,7.86,170.67,293,161,63.7146529670619,57006.93,0.695,18799.6,172.79973992197657,356.73992197659294
327320,Ready-Mix Concrete Manufacturing,Ready-Mix Concrete Mfg,327320 | Ready-Mix Concrete Mfg,327320 - Ready-Mix Concrete Manufacturing,exact,2016,10931.9,2934.9,7997.0,1525.8,137.68136020151132,79.4,64.9,14.5,4030.8,130.6,3195.4,15159.1,253,16.99,195.43,366,472,63.2604946594473,58179.7,2.197,19141.68,184.96725440806043,375.52770780856423
331110,Iron and Steel Mills and Ferroalloy Manufacturing,Iron & Steel Mills & Ferroalloy Mfg,331110 | Iron & Steel Mills & Ferroalloy Mfg,331110 - Iron and Steel Mills and Ferroalloy Manufacturing,exact,2015,53444.6,10669.3,42775.3,1655.5,559.6293193717278,95.5,76.2,19.299999999999997,7429.3,169.3,5756.6,57604.6,107,7.86,170.67,293,161,63.7146529670619,57006.93,0.695,18799.6,307.33717277486915,926.5057591623037
331110,Iron and Steel Mills and Ferroalloy Manufacturing,Iron & Steel Mills & Ferroalloy Mfg,331110 | Iron & Steel Mills & Ferroalloy Mfg,331110 - Iron and Steel Mills and Ferroalloy Manufacturing,exact,2016,51823.3,10228.7,41594.6,2694.3,563.9096844396082,91.9,73.5,18.400000000000006,7027.2,160.7,5445.4,49370.7,253,16.99,195.43,366,472,63.2604946594473,58179.7,2.197,19141.68,316.3993471164309,866.2285092491837
331221,Rolled Steel Shape Manufacturing,Rolled Steel Shape Mfg,331221 | Rolled Steel Shape Mfg,331221 - Rolled Steel Shape Manufacturing,exact,2015,3794.6,754.2,3040.4,141.8,519.8082191780821,7.3,5.2,2.0999999999999996,463.1,10.8,272.8,3306.0,107,7.86,170.67,293,161,63.7146529670619,57006.93,0.695,18799.6,242.2191780821918,707.6849315068494
331221,Rolled Steel Shape Manufacturing,Rolled Steel Shape Mfg,331221 | Rolled Steel Shape Mfg,331221 - Rolled Steel Shape Manufacturing,exact,2016,3727.9,747.8,2980.1,143.1,517.7638888888889,7.2,5.2,2.0,468.8,10.8,281.6,2841.3,253,16.99,195.43,366,472,63.2604946594473,58179.7,2.197,19141.68,240.65277777777777,642.4861111111111
331313,Alumina Refining and Primary Aluminum Production,Alumina Refining & Primary Aluminum P...,331313 | Alumina Refining & Primary Aluminum P...,331313 - Alumina Refining and Primary Aluminum Production,exact,2015,5378.9,2270.1,3108.8,166.4,689.6025641025641,7.8,5.9,1.8999999999999995,597.9,13.8,428.8,3671.9,107,7.86,170.67,293,161,63.7146529670619,57006.93,0.695,18799.6,264.38461538461536,737.3846153846155
331313,Alumina Refining and Primary Aluminum Production,Alumina Refining & Primary Aluminum P...,331313 | Alumina Refining & Primary Aluminum P...,331313 - Alumina Refining and Primary Aluminum Production,exact,2016,5202.6,2211.8,2990.8,77.5,867.1,6.0,4.2,1.7999999999999998,468.7,7.8,260.2,2742.6,253,16.99,195.43,366,472,63.2604946594473,58179.7,2.197,19141.68,300.0,751.0500000000001
331314,Secondary Smelting and Alloying of Aluminum,Secondary Smelting & Alloying of Alum...,331314 | Secondary Smelting & Alloying of Alum...,331314 - Secondary Smelting and Alloying of Aluminum,exact,2015,1807.2,534.2,1273.0,135.6,311.58620689655174,5.8,4.2,1.5999999999999996,340.4,9.1,224.8,4815.6,107,7.86,170.67,293,161,63.7146529670619,57006.93,0.695,18799.6,230.7241379310345,1071.7241379310344
331410,Nonferrous Metal (except Aluminum) Smelting and Refining,Nonferrous Metal (except Aluminum) Sm...,331410 | Nonferrous Metal (except Aluminum) Sm...,331410 - Nonferrous Metal (except Aluminum) Smelting and Refining,exact,2015,9991.1,2642.9,7348.2,224.7,1074.3118279569892,9.3,6.1,3.200000000000001,657.8,13.2,383.5,6174.1,107,7.86,170.67,293,161,63.7146529670619,57006.93,0.695,18799.6,474.3333333333333,1140.9569892473116
331410,Nonferrous Metal (except Aluminum) Smelting and Refining,Nonferrous Metal (except Aluminum) Sm...,331410 | Nonferrous Metal (except Aluminum) Sm...,331410 - Nonferrous Metal (except Aluminum) Smelting and Refining,exact,2016,9719.0,2585.1,7133.9,136.1,1157.0238095238094,8.4,5.4,3.0,569.8,11.9,323.5,5453.1,253,16.99,195.43,366,472,63.2604946594473,58179.7,2.197,19141.68,410.65476190476187,1043.892857142857
331420,"Copper Rolling, Drawing, Extruding, and Alloying","Copper Rolling, Drawing, Extruding, &...","331420 | Copper Rolling, Drawing, Extruding, &...","331420 - Copper Rolling, Drawing, Extruding, and Alloying",exact,2015,5335.7,1423.4,3912.3,248.8,234.0219298245614,22.8,17.7,5.100000000000001,1250.8,38.7,826.0,15724.3,107,7.86,170.67,293,161,63.7146529670619,57006.93,0.695,18799.6,165.80263157894737,866.5657894736842
331492,"Secondary Smelting, Refining, and Alloying of Nonferrous Metal (except Copper and Aluminum)","Secondary Smelting, Refining, & Alloy...","331492 | Secondary Smelting, Refining, & Alloy...","331492 - Secondary Smelting, Refining, and Alloying of Nonferrous Metal (except Copper and Aluminum)",exact,2015,3101.6,682.3,2419.2,208.9,316.4897959183673,9.8,7.2,2.6000000000000005,601.1,15.1,364.0,5987.1,107,7.86,170.67,293,161,63.7146529670619,57006.93,0.695,18799.6,486.5714285714285,1111.938775510204
331492,"Secondary Smelting, Refining, and Alloying of Nonferrous Metal (except Copper and Aluminum)","Secondary Smelting, Refining, & Alloy...","331492 | Secondary Smelting, Refining, & Alloy...","331492 - Secondary Smelting, Refining, and Alloying of Nonferrous Metal (except Copper and Aluminum)",exact,2016,3148.3,682.8,2465.5,235.1,327.9479166666667,9.6,7.0,2.5999999999999996,603.0,14.7,365.0,5846.1,253,16.99,195.43,366,472,63.2604946594473,58179.7,2.197,19141.68,614.9791666666667,1210.7604166666667
331511,Iron Foundries,Iron Foundries,331511 | Iron Foundries,331511 - Iron Foundries,exact,2015,11529.2,3037.1,8492.1,301.5,320.2555555555556,36.0,29.8,6.199999999999999,1834.8,64.4,1349.4,4316.1,107,7.86,170.67,293,161,63.7146529670619,57006.93,0.695,18799.6,162.50833333333333,283.9
331511,Iron Foundries,Iron Foundries,331511 | Iron Foundries,331511 - Iron Foundries,exact,2016,11188.4,2952.6,8235.8,306.4,338.0181268882175,33.1,27.2,5.900000000000002,1758.0,58.2,1301.4,3778.3,253,16.99,195.43,366,472,63.2604946594473,58179.7,2.197,19141.68,157.07552870090632,272.0634441087613
332312,Fabricated Structural Metal Manufacturing,Fab Structural Metal Mfg,332312 | Fab Structural Metal Mfg,332312 - Fabricated Structural Metal Manufacturing,exact,2015,7256.4,2265.2,4991.2,555.6,77.44290288153681,93.7,67.4,26.299999999999997,5151.9,144.7,3238.6,17372.8,107,7.86,170.67,293,161,63.7146529670619,57006.93,0.695,18799.6,153.4300960512273,338.9242262540021
332312,Fabricated Structural Metal Manufacturing,Fab Structural Metal Mfg,332312 | Fab Structural Metal Mfg,332312 - Fabricated Structural Metal Manufacturing,exact,2016,7341.7,2261.4,5080.3,572.8,79.62798264642082,92.2,65.7,26.5,5134.1,138.4,3210.8,15884.1,253,16.99,195.43,366,472,63.2604946594473,58179.7,2.197,19141.68,153.0824295010846,325.43926247288505
332322,Sheet Metal Work Manufacturing,Sheet Metal Work Mfg,332322 | Sheet Metal Work Mfg,332322 - Sheet Metal Work Manufacturing,exact,2015,6802.1,1536.2,5265.9,521.0,67.54816285998014,100.7,73.3,27.400000000000006,4948.8,151.3,3013.5,10006.2,107,7.86,170.67,293,161,63.7146529670619,57006.93,0.695,18799.6,113.21946375372394,213.2135054617676
332322,Sheet Metal Work Manufacturing,Sheet Metal Work Mfg,332322 | Sheet Metal Work Mfg,332322 - Sheet Metal Work Manufacturing,exact,2016,6858.7,1530.5,5328.2,557.3,68.7244488977956,99.8,72.0,27.799999999999997,5064.5,147.8,3069.7,10139.2,253,16.99,195.43,366,472,63.2604946594473,58179.7,2.197,19141.68,116.749498997996,218.82164328657316
332710,Machine Shops,Machine Shops,332710 | Machine Shops,332710 - Machine Shops,exact,2015,22702.5,3802.3,18900.2,1732.8,95.9530853761623,236.6,174.1,62.5,12322.0,362.7,8302.1,13475.6,107,7.86,170.67,293,161,63.7146529670619,57006.93,0.695,18799.6,104.34023668639054,161.29078613694
332710,Machine Shops,Machine Shops,332710 | Machine Shops,332710 - Machine Shops,exact,2016,22866.9,3800.7,19066.2,1830.8,103.65775158658205,220.6,160.9,59.69999999999999,11848.0,330.8,7976.5,12620.8,253,16.99,195.43,366,472,63.2604946594473,58179.7,2.197,19141.68,105.54487760652766,162.51722574796014
332721,Precision Turned Product Manufacturing,Precision Turned Prod Mfg,332721 | Precision Turned Prod Mfg,332721 - Precision Turned Product Manufacturing,exact,2015,9002.9,1147.2,7855.7,898.6,89.67031872509959,100.4,77.1,23.30000000000001,5101.9,164.1,3527.7,6821.9,107,7.86,170.67,293,161,63.7146529670619,57006.93,0.695,18799.6,111.203187250996,178.47011952191235
332721,Precision Turned Product Manufacturing,Precision Turned Prod Mfg,332721 | Precision Turned Prod Mfg,332721 - Precision Turned Product Manufacturing,exact,2016,9297.9,1160.3,8137.5,1152.2,99.23052294557097,93.7,70.5,23.200000000000003,4874.4,147.8,3359.3,6265.5,253,16.99,195.43,366,472,63.2604946594473,58179.7,2.197,19141.68,113.89434364994663,180.4343649946638
332999,All Other Miscellaneous Fabricated Metal Product Manufacturing,All Other Misc Fab Metal Prod Mfg,332999 | All Other Misc Fab Metal Prod Mfg,332999 - All Other Miscellaneous Fabricated Metal Product Manufacturing,exact,2015,6090.3,1767.3,4323.0,497.4,84.5875,72.0,53.5,18.5,3551.4,110.3,2183.4,6985.6,107,7.86,170.67,293,161,63.7146529670619,57006.93,0.695,18799.6,121.05833333333334,218.26666666666668
332999,All Other Miscellaneous Fabricated Metal Product Manufacturing,All Other Misc Fab Metal Prod Mfg,332999 | All Other Misc Fab Metal Prod Mfg,332999 - All Other Miscellaneous Fabricated Metal Product Manufacturing,exact,2016,6165.0,1760.0,4405.0,474.6,86.95345557122707,70.9,52.2,18.700000000000003,3537.4,106.7,2168.2,6790.1,253,16.99,195.43,366,472,63.2604946594473,58179.7,2.197,19141.68,123.01128349788434,219.49365303244005
333111,Farm Machinery and Equipment Manufacturing,Farm Mach & Equip Mfg,333111 | Farm Mach & Equip Mfg,333111 - Farm Machinery and Equipment Manufacturing,exact,2015,9812.0,2617.7,7194.3,673.2,163.53333333333333,60.0,41.2,18.799999999999997,3187.1,76.1,1757.1,15751.4,107,7.86,170.67,293,161,63.7146529670619,57006.93,0.695,18799.6,246.77333333333334,510.76
333120,Construction Machinery Manufacturing,Construction Mach Mfg,333120 | Construction Mach Mfg,333120 - Construction Machinery Manufacturing,exact,2015,16132.6,4009.3,12123.3,552.7,276.7169811320755,58.3,38.3,20.0,3319.9,75.0,1739.9,17455.0,107,7.86,170.67,293,161,63.7146529670619,57006.93,0.695,18799.6,223.2349914236707,526.0308747855918
333120,Construction Machinery Manufacturing,Construction Mach Mfg,333120 | Construction Mach Mfg,333120 - Construction Machinery Manufacturing,exact,2016,15882.5,3958.6,11923.9,470.4,291.9577205882353,54.4,34.4,20.0,3187.2,65.7,1635.7,15864.5,253,16.99,195.43,366,472,63.2604946594473,58179.7,2.197,19141.68,221.09191176470588,519.7738970588235
333249,Industrial Machinery ManufacturingT,Industrial Mach MfgT,333249 | Industrial Mach MfgT,333249 - Industrial Machinery ManufacturingT,prefix_5_digit,2015,6172.3,2027.9,4144.4,320.4,116.67863894139887,52.9,29.7,23.2,3375.7,59.8,1486.1,6254.9,107,7.86,170.67,293,161,63.7146529670619,57006.93,0.695,18799.6,171.5274102079395,277.51039697542535
333249,Industrial Machinery ManufacturingT,Industrial Mach MfgT,333249 | Industrial Mach MfgT,333249 - Industrial Machinery ManufacturingT,prefix_5_digit,2016,6132.1,2009.0,4123.1,328.3,117.92500000000001,52.0,29.5,22.5,3341.9,58.6,1526.5,6453.6,253,16.99,195.43,366,472,63.2604946594473,58179.7,2.197,19141.68,165.9480769230769,283.63653846153846
333316,Commercial and Service Industry Machinery ManufacturingT,Commercial & Svc Ind Mach MfgT,333316 | Commercial & Svc Ind Mach MfgT,333316 - Commercial and Service Industry Machinery ManufacturingT,prefix_5_digit,2015,2155.3,1094.0,1061.2,25.8,513.1666666666667,4.2,2.0,2.2,279.5,3.8,82.4,785.5,107,7.86,170.67,293,161,63.7146529670619,57006.93,0.695,18799.6,225.26190476190476,425.40476190476187
333316,Commercial and Service Industry Machinery ManufacturingT,Commercial & Svc Ind Mach MfgT,333316 | Commercial & Svc Ind Mach MfgT,333316 - Commercial and Service Industry Machinery ManufacturingT,prefix_5_digit,2016,2046.3,1060.8,985.5,33.0,568.4166666666666,3.6,1.6,2.0,266.7,3.1,74.2,732.1,253,16.99,195.43,366,472,63.2604946594473,58179.7,2.197,19141.68,254.86111111111111,454.74999999999994
333318,Commercial and Service Industry Machinery ManufacturingT,Commercial & Svc Ind Mach MfgT,333318 | Commercial & Svc Ind Mach MfgT,333318 - Commercial and Service Industry Machinery ManufacturingT,prefix_5_digit,2015,5411.2,1435.2,3976.0,308.6,99.47058823529412,54.4,29.6,24.799999999999997,3243.8,58.9,1258.2,9058.1,107,7.86,170.67,293,161,63.7146529670619,57006.93,0.695,18799.6,209.50551470588238,377.0147058823529
333318,Commercial and Service Industry Machinery ManufacturingT,Commercial & Svc Ind Mach MfgT,333318 | Commercial & Svc Ind Mach MfgT,333318 - Commercial and Service Industry Machinery ManufacturingT,prefix_5_digit,2016,5385.7,1415.2,3970.5,339.8,97.92181818181818,55.0,30.7,24.3,3234.6,59.3,1315.6,8442.1,253,16.99,195.43,366,472,63.2604946594473,58179.7,2.197,19141.68,205.90545454545455,360.6654545454545
333415,Air-Conditioning and Warm Air Heating Equipment and Commercial and Industrial Refrigeration Equipment Manufacturing,Air-Conditioning & Warm Air Heating E...,333415 | Air-Conditioning & Warm Air Heating E...,333415 - Air-Conditioning and Warm Air Heating Equipment and Commercial and Industrial Refrigeration Equipment Manufacturing,exact,2015,10129.8,2657.5,7472.3,497.0,114.07432432432432,88.8,64.8,24.0,4420.7,129.2,2568.9,17242.8,107,7.86,170.67,293,161,63.7146529670619,57006.93,0.695,18799.6,178.75675675675677,373.3400900900901
333415,Air-Conditioning and Warm Air Heating Equipment and Commercial and Industrial Refrigeration Equipment Manufacturing,Air-Conditioning & Warm Air Heating E...,333415 | Air-Conditioning & Warm Air Heating E...,333415 - Air-Conditioning and Warm Air Heating Equipment and Commercial and Industrial Refrigeration Equipment Manufacturing,exact,2016,10022.1,2644.3,7377.8,521.9,115.72863741339494,86.6,63.4,23.199999999999996,4242.1,126.6,2506.0,16393.6,253,16.99,195.43,366,472,63.2604946594473,58179.7,2.197,19141.68,186.10277136258662,375.8244803695151
333618,Other Engine Equipment Manufacturing,Other Engine Equip Mfg,333618 | Other Engine Equip Mfg,333618 - Other Engine Equipment Manufacturing,exact,2015,12382.3,2308.2,10074.1,644.3,335.56368563685635,36.9,26.5,10.399999999999999,2119.5,53.7,1231.2,17092.3,107,7.86,170.67,293,161,63.7146529670619,57006.93,0.695,18799.6,275.6341463414634,741.8319783197832
333618,Other Engine Equipment Manufacturing,Other Engine Equip Mfg,333618 | Other Engine Equip Mfg,333618 - Other Engine Equipment Manufacturing,exact,2016,12296.6,2297.6,9999.0,563.1,336.8931506849315,36.5,25.5,11.0,2071.0,50.4,1134.0,14318.9,253,16.99,195.43,366,472,63.2604946594473,58179.7,2.197,19141.68,231.5205479452055,630.186301369863
333999,All Other General Purpose Machinery ManufacturingT,All Other General Purpose Mach MfgT,333999 | All Other General Purpose Mach MfgT,333999 - All Other General Purpose Machinery ManufacturingT,prefix_5_digit,2015,4729.5,1341.9,3387.7,582.0,90.08571428571429,52.5,29.5,23.0,3388.4,60.1,1417.5,7772.4,107,7.86,170.67,293,161,63.7146529670619,57006.93,0.695,18799.6,163.07809523809524,309.9809523809524
334111,Electronic Computer Manufacturing,Elec Computer Mfg,334111 | Elec Computer Mfg,334111 - Electronic Computer Manufacturing,exact,2015,8286.4,3688.7,4597.6,81.5,767.2592592592591,10.8,4.0,6.800000000000001,808.8,8.6,202.0,6361.1,107,7.86,170.67,293,161,63.7146529670619,57006.93,0.695,18799.6,335.29629629629625,927.3611111111111
334111,Electronic Computer Manufacturing,Elec Computer Mfg,334111 | Elec Computer Mfg,334111 - Electronic Computer Manufacturing,exact,2016,7778.3,3632.9,4145.5,112.8,670.5431034482759,11.6,4.3,7.3,876.5,9.5,229.7,6222.9,253,16.99,195.43,366,472,63.2604946594473,58179.7,2.197,19141.68,329.4568965517241,862.0775862068966
334112,Computer Storage Device Manufacturing,Computer Storage Device Mfg,334112 | Computer Storage Device Mfg,334112 - Computer Storage Device Manufacturing,exact,2015,4523.5,1335.1,3188.4,510.6,538.5119047619047,8.4,3.9,4.5,680.3,8.0,201.1,3747.0,107,7.86,170.67,293,161,63.7146529670619,57006.93,0.695,18799.6,478.9761904761905,904.4880952380952
334112,Computer Storage Device Manufacturing,Computer Storage Device Mfg,334112 | Computer Storage Device Mfg,334112 - Computer Storage Device Manufacturing,exact,2016,4622.5,1328.3,3294.2,342.3,608.2236842105264,7.6,3.2,4.3999999999999995,604.4,5.9,145.9,3370.0,253,16.99,195.43,366,472,63.2604946594473,58179.7,2.197,19141.68,415.6842105263158,885.2631578947369
334210,Telephone Apparatus Manufacturing,Telephone Apparatus Mfg,334210 | Telephone Apparatus Mfg,334210 - Telephone Apparatus Manufacturing,exact,2015,7798.5,3075.8,4722.6,135.3,516.4569536423841,15.1,6.4,8.7,1039.0,10.4,307.9,4011.0,107,7.86,170.67,293,161,63.7146529670619,57006.93,0.695,18799.6,200.74834437086093,466.06622516556297
334210,Telephone Apparatus Manufacturing,Telephone Apparatus Mfg,334210 | Telephone Apparatus Mfg,334210 - Telephone Apparatus Manufacturing,exact,2016,7319.1,3028.3,4290.8,135.1,511.8251748251748,14.3,5.9,8.4,971.6,9.3,287.9,3496.8,253,16.99,195.43,366,472,63.2604946594473,58179.7,2.197,19141.68,180.5314685314685,422.94405594405595
334220,Radio and Television Broadcasting and Wireless Communications Equipment Manufacturing,Radio & Television Broadcasting & Wir...,334220 | Radio & Television Broadcasting & Wir...,334220 - Radio and Television Broadcasting and Wireless Communications Equipment Manufacturing,exact,2015,14417.7,3644.5,10773.2,774.3,214.8688524590164,67.1,26.8,40.3,6682.6,55.4,2128.3,11309.4,107,7.86,170.67,293,161,63.7146529670619,57006.93,0.695,18799.6,227.5081967213115,391.1043219076006
334220,Radio and Television Broadcasting and Wireless Communications Equipment Manufacturing,Radio & Television Broadcasting & Wir...,334220 | Radio & Television Broadcasting & Wir...,334220 - Radio and Television Broadcasting and Wireless Communications Equipment Manufacturing,exact,2016,14139.4,3616.8,10522.7,785.7,203.73775216138327,69.4,26.6,42.800000000000004,6682.6,55.4,2033.0,11042.9,253,16.99,195.43,366,472,63.2604946594473,58179.7,2.197,19141.68,216.1167146974063,376.8746397694524
334413,Semiconductor and Related Device Manufacturing,Semiconductor & Related Device Mfg,334413 | Semiconductor & Related Device Mfg,334413 - Semiconductor and Related Device Manufacturing,exact,2015,118470.2,36448.2,82022.0,10619.2,1245.7434279705574,95.1,53.5,41.599999999999994,9432.8,109.9,4017.2,18972.5,107,7.86,170.67,293,161,63.7146529670619,57006.93,0.695,18799.6,298.62881177707675,492.3943217665615
334413,Semiconductor and Related Device Manufacturing,Semiconductor & Related Device Mfg,334413 | Semiconductor & Related Device Mfg,334413 - Semiconductor and Related Device Manufacturing,exact,2016,120222.4,37088.1,83134.2,6185.8,1220.5319796954313,98.5,54.0,44.5,9489.6,111.6,4051.8,19403.0,253,16.99,195.43,366,472,63.2604946594473,58179.7,2.197,19141.68,273.33197969543147,477.3472081218274
334510,Electromedical and Electrotherapeutic Apparatus Manufacturing,Electromedical & Electrotherapeutic A...,334510 | Electromedical & Electrotherapeutic A...,334510 - Electromedical and Electrotherapeutic Apparatus Manufacturing,exact,2015,6660.9,1707.8,4953.1,577.5,100.01351351351352,66.6,28.6,37.99999999999999,5321.3,56.0,1331.0,11482.8,107,7.86,170.67,293,161,63.7146529670619,57006.93,0.695,18799.6,254.12012012012016,424.85885885885887
334510,Electromedical and Electrotherapeutic Apparatus Manufacturing,Electromedical & Electrotherapeutic A...,334510 | Electromedical & Electrotherapeutic A...,334510 - Electromedical and Electrotherapeutic Apparatus Manufacturing,exact,2016,6767.1,1739.5,5027.6,917.0,98.21625544267053,68.9,27.4,41.50000000000001,5520.7,52.8,1317.4,10409.9,253,16.99,195.43,366,472,63.2604946594473,58179.7,2.197,19141.68,248.65457184325106,398.75471698113205
334511,"Search, Detection, Navigation, Guidance, Aeronautical, and Nautical System and Instrument Manufacturing","Search, Detection, Navigation, Guidan...","334511 | Search, Detection, Navigation, Guidan...","334511 - Search, Detection, Navigation, Guidance, Aeronautical, and Nautical System and Instrument Manufacturing",exact,2015,14338.4,5053.5,9284.8,816.4,127.45244444444444,112.5,36.6,75.9,11449.4,74.2,2751.1,13194.2,107,7.86,170.67,293,161,63.7146529670619,57006.93,0.695,18799.6,268.99022222222226,384.1973333333333
334511,"Search, Detection, Navigation, Guidance, Aeronautical, and Nautical System and Instrument Manufacturing","Search, Detection, Navigation, Guidan...","334511 | Search, Detection, Navigation, Guidan...","334511 - Search, Detection, Navigation, Guidance, Aeronautical, and Nautical System and Instrument Manufacturing",exact,2016,14118.8,5035.4,9083.4,925.0,126.8535489667565,111.3,35.3,76.0,11177.6,70.2,2599.9,12921.5,253,16.99,195.43,366,472,63.2604946594473,58179.7,2.197,19141.68,288.1015274034142,406.7169811320755
334516,Analytical Laboratory Instrument Manufacturing,Analytical Laboratory Instrument Mfg,334516 | Analytical Laboratory Instrument Mfg,334516 - Analytical Laboratory Instrument Manufacturing,exact,2015,4300.2,1400.2,2900.0,818.0,95.98660714285714,44.8,17.2,27.599999999999998,3856.4,34.7,915.2,6433.9,107,7.86,170.67,293,161,63.7146529670619,57006.93,0.695,18799.6,252.50669642857142,394.38169642857144
334516,Analytical Laboratory Instrument Manufacturing,Analytical Laboratory Instrument Mfg,334516 | Analytical Laboratory Instrument Mfg,334516 - Analytical Laboratory Instrument Manufacturing,exact,2016,4735.6,1539.3,3196.3,449.1,101.62231759656653,46.6,17.6,29.0,3958.2,36.7,968.3,6318.4,253,16.99,195.43,366,472,63.2604946594473,58179.7,2.197,19141.68,261.7167381974249,396.1351931330472
334613,Manufacturing and Reproducing Magnetic and Optical MediaT,Mfg & Reproducing Magnetic & Optical ...,334613 | Mfg & Reproducing Magnetic & Optical ...,334613 - Manufacturing and Reproducing Magnetic and Optical MediaT,prefix_5_digit,2015,2135.5,1016.5,1119.0,3.2,2372.777777777778,0.9,0.4,0.5,81.8,0.7,26.0,164.2,107,7.86,170.67,293,161,63.7146529670619,57006.93,0.695,18799.6,156.44444444444446,560.6666666666666
334613,Manufacturing and Reproducing Magnetic and Optical MediaT,Mfg & Reproducing Magnetic & Optical ...,334613 | Mfg & Reproducing Magnetic & Optical ...,334613 - Manufacturing and Reproducing Magnetic and Optical MediaT,prefix_5_digit,2016,1977.9,997.7,980.2,3.9,2472.375,0.8,0.4,0.4,44.7,0.7,23.1,127.3,253,16.99,195.43,366,472,63.2604946594473,58179.7,2.197,19141.68,139.75,498.125
336111,Automobile and Light Duty Motor Vehicle ManufacturingT,Automobile & Light Duty Motor Vehicle...,336111 | Automobile & Light Duty Motor Vehicle...,336111 - Automobile and Light Duty Motor Vehicle ManufacturingT,prefix_5_digit,2015,38344.4,11273.6,27070.7,5695.5,490.3375959079284,78.2,67.2,11.0,6091.3,140.0,4795.8,100587.8,107,7.86,170.67,293,161,63.7146529670619,57006.93,0.695,18799.6,309.29795396419433,1595.4143222506393
336111,Automobile and Light Duty Motor Vehicle ManufacturingT,Automobile & Light Duty Motor Vehicle...,336111 | Automobile & Light Duty Motor Vehicle...,336111 - Automobile and Light Duty Motor Vehicle ManufacturingT,prefix_5_digit,2016,40624.6,11625.9,28998.7,3340.8,493.01699029126206,82.4,71.1,11.300000000000011,6382.8,144.5,5089.4,102697.8,253,16.99,195.43,366,472,63.2604946594473,58179.7,2.197,19141.68,326.9648058252427,1577.6237864077668
336112,Automobile and Light Duty Motor Vehicle ManufacturingT,Automobile & Light Duty Motor Vehicle...,336112 | Automobile & Light Duty Motor Vehicle...,336112 - Automobile and Light Duty Motor Vehicle ManufacturingT,prefix_5_digit,2015,36864.1,11649.3,25214.7,4174.3,455.67490729295423,80.9,72.0,8.900000000000006,6262.2,151.3,5378.9,135224.0,107,7.86,170.67,293,161,63.7146529670619,57006.93,0.695,18799.6,547.1928306551298,2215.5092707045737
336112,Automobile and Light Duty Motor Vehicle ManufacturingT,Automobile & Light Duty Motor Vehicle...,336112 | Automobile & Light Duty Motor Vehicle...,336112 - Automobile and Light Duty Motor Vehicle ManufacturingT,prefix_5_digit,2016,38184.5,11795.4,26389.1,2204.1,440.92956120092384,86.6,77.2,9.399999999999991,6690.9,162.5,5804.7,139233.5,253,16.99,195.43,366,472,63.2604946594473,58179.7,2.197,19141.68,558.4538106235566,2165.3937644341804
336120,Heavy Duty Truck Manufacturing,Heavy Duty Truck Mfg,336120 | Heavy Duty Truck Mfg,336120 - Heavy Duty Truck Manufacturing,exact,2015,3255.8,1618.5,1637.3,146.3,103.68789808917198,31.4,25.9,5.5,1806.1,50.1,1338.7,24762.2,107,7.86,170.67,293,161,63.7146529670619,57006.93,0.695,18799.6,271.843949044586,1054.0031847133757
336120,Heavy Duty Truck Manufacturing,Heavy Duty Truck Mfg,336120 | Heavy Duty Truck Mfg,336120 - Heavy Duty Truck Manufacturing,exact,2016,3173.2,1616.4,1556.8,203.8,110.56445993031359,28.7,22.5,6.199999999999999,1696.4,44.1,1193.0,19722.9,253,16.99,195.43,366,472,63.2604946594473,58179.7,2.197,19141.68,241.10452961672473,935.184668989547
336310,Motor Vehicle Gasoline Engine and Engine Parts Manufacturing,Motor Vehicle Gasoline Engine & Engin...,336310 | Motor Vehicle Gasoline Engine & Engin...,336310 - Motor Vehicle Gasoline Engine and Engine Parts Manufacturing,exact,2015,17795.5,4553.6,13242.0,1703.1,321.2184115523466,55.4,44.1,11.299999999999997,3537.5,94.4,2577.2,23721.3,107,7.86,170.67,293,161,63.7146529670619,57006.93,0.695,18799.6,194.90974729241879,616.7563176895308
336310,Motor Vehicle Gasoline Engine and Engine Parts Manufacturing,Motor Vehicle Gasoline Engine & Engin...,336310 | Motor Vehicle Gasoline Engine & Engin...,336310 - Motor Vehicle Gasoline Engine and Engine Parts Manufacturing,exact,2016,18061.8,4507.8,13554.0,1299.2,330.19744058500913,54.7,43.9,10.800000000000004,3779.5,93.9,2833.3,23342.3,253,16.99,195.43,366,472,63.2604946594473,58179.7,2.197,19141.68,189.17915904936015,619.3564899451554
336320,Motor Vehicle Electrical and Electronic Equipment Manufacturing,Motor Vehicle Elec & Elec Equip Mfg,336320 | Motor Vehicle Elec & Elec Equip Mfg,336320 - Motor Vehicle Electrical and Electronic Equipment Manufacturing,exact,2015,8196.3,2440.3,5755.9,593.9,145.06725663716813,56.5,42.6,13.899999999999999,2884.0,86.1,1873.1,16415.8,107,7.86,170.67,293,161,63.7146529670619,57006.93,0.695,18799.6,150.9787610619469,441.3380530973451
336320,Motor Vehicle Electrical and Electronic Equipment Manufacturing,Motor Vehicle Elec & Elec Equip Mfg,336320 | Motor Vehicle Elec & Elec Equip Mfg,336320 - Motor Vehicle Electrical and Electronic Equipment Manufacturing,exact,2016,8094.9,2397.8,5697.1,528.4,141.51923076923075,57.2,42.8,14.400000000000006,2971.1,86.0,1930.4,16153.0,253,16.99,195.43,366,472,63.2604946594473,58179.7,2.197,19141.68,152.0034965034965,434.7762237762238
336350,Motor Vehicle Transmission and Power Train Parts Manufacturing,Motor Vehicle Transmission & Power Tr...,336350 | Motor Vehicle Transmission & Power Tr...,336350 - Motor Vehicle Transmission and Power Train Parts Manufacturing,exact,2015,18826.5,4870.4,13956.1,1590.4,287.42748091603056,65.5,50.8,14.700000000000003,4117.7,108.0,2865.9,25298.9,107,7.86,170.67,293,161,63.7146529670619,57006.93,0.695,18799.6,187.27480916030535,574.4198473282443
336350,Motor Vehicle Transmission and Power Train Parts Manufacturing,Motor Vehicle Transmission & Power Tr...,336350 | Motor Vehicle Transmission & Power Tr...,336350 - Motor Vehicle Transmission and Power Train Parts Manufacturing,exact,2016,18750.9,4856.2,13894.7,1487.9,280.70209580838326,66.8,51.4,15.399999999999999,4316.7,107.2,2988.5,25645.8,253,16.99,195.43,366,472,63.2604946594473,58179.7,2.197,19141.68,183.874251497006,567.3952095808384
336360,Motor Vehicle Seating and Interior Trim Manufacturing,Motor Vehicle Seating & Interior Trim...,336360 | Motor Vehicle Seating & Interior Trim...,336360 - Motor Vehicle Seating and Interior Trim Manufacturing,exact,2015,4360.3,1088.9,3271.4,421.3,66.46798780487806,65.6,50.9,14.699999999999996,2880.2,103.8,1994.1,23011.1,107,7.86,170.67,293,161,63.7146529670619,57006.93,0.695,18799.6,129.6996951219512,480.782012195122
336360,Motor Vehicle Seating and Interior Trim Manufacturing,Motor Vehicle Seating & Interior Trim...,336360 | Motor Vehicle Seating & Interior Trim...,336360 - Motor Vehicle Seating and Interior Trim Manufacturing,exact,2016,4424.1,1093.2,3330.9,616.0,64.96475770925112,68.1,51.9,16.199999999999996,3085.3,103.2,2048.6,23512.1,253,16.99,195.43,366,472,63.2604946594473,58179.7,2.197,19141.68,136.58002936857565,481.5653450807636
336370,Motor Vehicle Metal Stamping,Motor Vehicle Metal Stamping,336370 | Motor Vehicle Metal Stamping,336370 - Motor Vehicle Metal Stamping,exact,2015,17584.1,4354.9,13229.2,1611.7,182.9771071800208,96.1,76.9,19.19999999999999,5247.9,168.7,3904.3,23266.3,107,7.86,170.67,293,161,63.7146529670619,57006.93,0.695,18799.6,133.13527575442248,375.4131113423517
336370,Motor Vehicle Metal Stamping,Motor Vehicle Metal Stamping,336370 | Motor Vehicle Metal Stamping,336370 - Motor Vehicle Metal Stamping,exact,2016,17774.8,4377.6,13397.1,1546.4,183.05664263645727,97.1,77.1,20.0,5499.4,163.3,4046.0,23606.9,253,16.99,195.43,366,472,63.2604946594473,58179.7,2.197,19141.68,134.8475798146241,378.08753861997945
336390,Other Motor Vehicle Parts Manufacturing,Other Motor Vehicle Parts Mfg,336390 | Other Motor Vehicle Parts Mfg,336390 - Other Motor Vehicle Parts Manufacturing,exact,2015,20058.2,5742.0,14316.2,1803.0,147.37839823659075,136.1,104.7,31.39999999999999,6589.9,215.4,4341.9,47353.2,107,7.86,170.67,293,161,63.7146529670619,57006.93,0.695,18799.6,157.96105804555475,504.6473181484203
336390,Other Motor Vehicle Parts Manufacturing,Other Motor Vehicle Parts Mfg,336390 | Other Motor Vehicle Parts Mfg,336390 - Other Motor Vehicle Parts Manufacturing,exact,2016,20056.6,5775.3,14281.4,1947.6,145.65432098765433,137.7,105.8,31.89999999999999,6754.4,217.7,4531.2,47455.8,253,16.99,195.43,366,472,63.2604946594473,58179.7,2.197,19141.68,154.5388525780683,498.8133623819899
336411,Aircraft Manufacturing,Aircraft Mfg,336411 | Aircraft Mfg,336411 - Aircraft Manufacturing,exact,2015,21332.3,11181.2,10151.1,1272.1,126.97797619047618,168.0,95.5,72.5,15934.2,178.1,8308.4,69816.0,107,7.86,170.67,293,161,63.7146529670619,57006.93,0.695,18799.6,396.535119047619,778.2011904761905
336411,Aircraft Manufacturing,Aircraft Mfg,336411 | Aircraft Mfg,336411 - Aircraft Manufacturing,exact,2016,21522.2,11254.6,10267.6,1467.6,127.8799762329174,168.3,94.3,74.00000000000001,16041.1,166.0,8081.1,66986.4,253,16.99,195.43,366,472,63.2604946594473,58179.7,2.197,19141.68,335.94890077243014,764.9792038027332
336412,Aircraft Engine and Engine Parts Manufacturing,Aircraft Engine & Engine Parts Mfg,336412 | Aircraft Engine & Engine Parts Mfg,336412 - Aircraft Engine and Engine Parts Manufacturing,exact,2015,9348.6,2867.6,6481.0,1259.7,122.84625492772669,76.1,45.5,30.599999999999994,5672.0,95.8,2835.8,17686.7,107,7.86,170.67,293,161,63.7146529670619,57006.93,0.695,18799.6,323.3942181340342,551.9632063074902
336412,Aircraft Engine and Engine Parts Manufacturing,Aircraft Engine & Engine Parts Mfg,336412 | Aircraft Engine & Engine Parts Mfg,336412 - Aircraft Engine and Engine Parts Manufacturing,exact,2016,9781.9,2900.7,6881.2,1265.3,130.25166444740347,75.1,43.2,31.89999999999999,5631.1,89.7,2724.9,18503.5,253,16.99,195.43,366,472,63.2604946594473,58179.7,2.197,19141.68,324.8908122503329,565.0705725699069
336413,Other Aircraft Parts and Auxiliary Equipment Manufacturing,Other Aircraft Parts & Auxiliary Equi...,336413 | Other Aircraft Parts & Auxiliary Equi...,336413 - Other Aircraft Parts and Auxiliary Equipment Manufacturing,exact,2015,13950.3,4505.4,9445.0,1396.6,129.6496282527881,107.6,69.4,38.19999999999999,7953.4,142.6,4112.8,16368.2,107,7.86,170.67,293,161,63.7146529670619,57006.93,0.695,18799.6,201.07620817843866,349.26301115241637
336413,Other Aircraft Parts and Auxiliary Equipment Manufacturing,Other Aircraft Parts & Auxiliary Equi...,336413 | Other Aircraft Parts & Auxiliary Equi...,336413 - Other Aircraft Parts and Auxiliary Equipment Manufacturing,exact,2016,14534.6,4520.1,10014.5,1247.9,133.83609576427256,108.6,69.4,39.19999999999999,7748.5,124.8,4090.1,16912.8,253,16.99,195.43,366,472,63.2604946594473,58179.7,2.197,19141.68,181.4217311233886,338.38950276243094
336414,Guided Missile and Space Vehicle Manufacturing,Guided Missile & Space Vehicle Mfg,336414 | Guided Missile & Space Vehicle Mfg,336414 - Guided Missile and Space Vehicle Manufacturing,exact,2015,7868.9,4546.4,3322.5,319.9,157.6933867735471,49.9,19.8,30.099999999999998,5677.2,33.8,1259.6,8732.2,107,7.86,170.67,293,161,63.7146529670619,57006.93,0.695,18799.6,261.20841683366734,417.4488977955912
336414,Guided Missile and Space Vehicle Manufacturing,Guided Missile & Space Vehicle Mfg,336414 | Guided Missile & Space Vehicle Mfg,336414 - Guided Missile and Space Vehicle Manufacturing,exact,2016,7703.8,4563.3,3140.5,494.2,153.4621513944223,50.2,19.7,30.500000000000004,5653.8,35.0,1296.1,8524.7,253,16.99,195.43,366,472,63.2604946594473,58179.7,2.197,19141.68,252.52788844621512,425.4621513944223
336510,Railroad Rolling Stock Manufacturing,Railroad Rolling Stock Mfg,336510 | Railroad Rolling Stock Mfg,336510 - Railroad Rolling Stock Manufacturing,exact,2015,3260.3,1158.8,2101.5,334.4,97.3223880597015,33.5,24.9,8.600000000000001,1852.7,47.9,1193.5,15992.7,107,7.86,170.67,293,161,63.7146529670619,57006.93,0.695,18799.6,180.19104477611938,665.9164179104478
336611,Ship Building and Repairing,Ship Building & Repairing,336611 | Ship Building & Repairing,336611 - Ship Building and Repairing,exact,2015,8151.0,4385.4,3765.6,737.5,80.14749262536873,101.7,65.5,36.2,6389.8,134.2,3638.4,8108.0,107,7.86,170.67,293,161,63.7146529670619,57006.93,0.695,18799.6,163.88397246804325,243.6096361848574
336611,Ship Building and Repairing,Ship Building & Repairing,336611 | Ship Building & Repairing,336611 - Ship Building and Repairing,exact,2016,8450.1,4473.0,3977.1,673.5,89.1360759493671,94.8,57.8,37.0,6090.0,119.7,3299.3,7429.4,253,16.99,195.43,366,472,63.2604946594473,58179.7,2.197,19141.68,170.69725738396625,249.0654008438819
337110,Wood Kitchen Cabinet and Countertop Manufacturing,Wood Kitchen Cabinet & Countertop Mfg,337110 | Wood Kitchen Cabinet & Countertop Mfg,337110 - Wood Kitchen Cabinet and Countertop Manufacturing,exact,2015,3694.4,1377.8,2316.5,266.9,42.51323360184119,86.9,67.8,19.10000000000001,3421.2,134.8,2388.7,5858.6,107,7.86,170.67,293,161,63.7146529670619,57006.93,0.695,18799.6,96.46950517836594,163.4856156501726
337110,Wood Kitchen Cabinet and Countertop Manufacturing,Wood Kitchen Cabinet & Countertop Mfg,337110 | Wood Kitchen Cabinet & Countertop Mfg,337110 - Wood Kitchen Cabinet and Countertop Manufacturing,exact,2016,3655.9,1378.6,2277.3,243.0,41.78171428571429,87.5,68.4,19.099999999999994,3511.4,133.4,2476.0,5863.6,253,16.99,195.43,366,472,63.2604946594473,58179.7,2.197,19141.68,100.51771428571428,167.52228571428572
339112,Surgical and Medical Instrument Manufacturing,Surgical & Med Instrument Mfg,339112 | Surgical & Med Instrument Mfg,339112 - Surgical and Medical Instrument Manufacturing,exact,2015,13080.9,3668.0,9413.0,1135.4,131.07114228456913,99.8,59.5,40.3,6726.1,124.2,2669.4,12932.3,107,7.86,170.67,293,161,63.7146529670619,57006.93,0.695,18799.6,272.69739478957916,401.3697394789579
339112,Surgical and Medical Instrument Manufacturing,Surgical & Med Instrument Mfg,339112 | Surgical & Med Instrument Mfg,339112 - Surgical and Medical Instrument Manufacturing,exact,2016,13331.2,3734.1,9597.1,1050.5,131.21259842519686,101.6,61.4,40.199999999999996,6910.6,128.0,2773.7,13162.9,253,16.99,195.43,366,472,63.2604946594473,58179.7,2.197,19141.68,274.9891732283465,402.3622047244095
339113,Surgical Appliance and Supplies Manufacturing,Surgical Appliance & Supp Mfg,339113 | Surgical Appliance & Supp Mfg,339113 - Surgical Appliance and Supplies Manufacturing,exact,2015,11825.5,3690.1,8135.4,703.2,145.27641277641277,81.4,47.0,34.400000000000006,5486.4,89.2,1744.8,13336.4,107,7.86,170.67,293,161,63.7146529670619,57006.93,0.695,18799.6,267.3157248157248,427.6081081081081
339113,Surgical Appliance and Supplies Manufacturing,Surgical Appliance & Supp Mfg,339113 | Surgical Appliance & Supp Mfg,339113 - Surgical Appliance and Supplies Manufacturing,exact,2016,11636.3,3733.9,7902.4,780.2,145.63579474342927,79.9,45.1,34.800000000000004,5768.6,86.6,1744.9,13467.8,253,16.99,195.43,366,472,63.2604946594473,58179.7,2.197,19141.68,275.4605757196495,441.7309136420526
339950,Sign Manufacturing,Sign Mfg,339950 | Sign Mfg,339950 - Sign Manufacturing,exact,2015,2630.8,831.2,1799.6,253.6,38.688235294117646,68.0,36.7,31.299999999999997,3451.2,74.8,1439.3,5172.6,107,7.86,170.67,293,161,63.7146529670619,57006.93,0.695,18799.6,113.18382352941177,187.78823529411764
339950,Sign Manufacturing,Sign Mfg,339950 | Sign Mfg,339950 - Sign Manufacturing,exact,2016,2657.2,824.8,1832.4,285.1,37.690780141843966,70.5,39.0,31.5,3614.6,77.7,1539.7,5368.5,253,16.99,195.43,366,472,63.2604946594473,58179.7,2.197,19141.68,115.84255319148936,191.20709219858156
339999,All Other Miscellaneous Manufacturing,All Other Misc Mfg,339999 | All Other Misc Mfg,339999 - All Other Miscellaneous Manufacturing,exact,2015,5310.3,1275.9,4034.4,453.6,90.77435897435898,58.5,34.6,23.9,2738.9,66.7,1190.0,5018.4,107,7.86,170.67,293,161,63.7146529670619,57006.93,0.695,18799.6,151.85641025641027,236.71965811965813
339999,All Other Miscellaneous Manufacturing,All Other Misc Mfg,339999 | All Other Misc Mfg,339999 - All Other Miscellaneous Manufacturing,exact,2016,5329.1,1298.8,4030.3,313.3,93.16608391608392,57.2,34.3,22.900000000000006,2807.3,65.7,1255.5,4981.3,253,16.99,195.43,366,472,63.2604946594473,58179.7,2.197,19141.68,157.24825174825176,244.71503496503496
